"dataset_id","module","beta_processed_main","SE_processed_main","P_processed_main","sample_n_processed_main","formula_processed_main","BH_FDR_processed_main","beta_additional_quantile","SE_additional_quantile","P_additional_quantile","sample_n_additional_quantile","formula_additional_quantile","BH_FDR_additional_quantile","score_correlation","FDR_status_change"
"MDD_GSE98793","hepatic_acute_phase_response_module",0.412537540875684,0.150549437191841,0.00672532452974624,192,"score_z ~ diagnosis",0.0402475022370558,0.412537540875684,0.150549437191841,0.00672532452974624,192,"score_z ~ diagnosis",0.0402475022370558,1,FALSE
"MDD_GSE98793","hepatic_complement_coagulation_module",0.534232636873973,0.148521803993797,0.000410413122447215,192,"score_z ~ diagnosis",0.00984991493873317,0.534232636873973,0.148521803993797,0.000410413122447215,192,"score_z ~ diagnosis",0.00984991493873317,1,FALSE
"MDD_GSE98793","hepatic_ECM_fibrosis_module",0.416659523326082,0.150489680387965,0.00618578821376565,192,"score_z ~ diagnosis",0.0402475022370558,0.416659523326082,0.150489680387965,0.00618578821376565,192,"score_z ~ diagnosis",0.0402475022370558,1,FALSE
"MDD_GSE98793","hepatic_endothelial_vascular_activation_module",0.428352126822697,0.150316805017839,0.00485948006623194,192,"score_z ~ diagnosis",0.0402475022370558,0.428352126822697,0.150316805017839,0.00485948006623194,192,"score_z ~ diagnosis",0.0402475022370558,1,FALSE
"MDD_GSE98793","hepatic_inflammatory_module",0.34287034872036,0.151466557433931,0.0247247298549351,192,"score_z ~ diagnosis",0.0988989194197405,0.34287034872036,0.151466557433931,0.0247247298549351,192,"score_z ~ diagnosis",0.0988989194197405,1,FALSE
"MDD_GSE98793","hepatic_lipid_dysregulation_module",0.0932523382012657,0.153346297149879,0.543836766354142,192,"score_z ~ diagnosis",0.794831912374156,0.0932523382012657,0.153346297149879,0.543836766354142,192,"score_z ~ diagnosis",0.794831912374156,1,FALSE
"MDD_GSE98793","hepatic_mitochondrial_dysfunction_module",-0.0814268557993789,0.153381741985472,0.596123934280617,192,"score_z ~ diagnosis",0.794831912374156,-0.0814268557993789,0.153381741985472,0.596123934280617,192,"score_z ~ diagnosis",0.794831912374156,1,FALSE
"MDD_GSE98793","hepatic_secretome_hepatokine_module",0.401484128462705,0.150706633713397,0.00838489629938662,192,"score_z ~ diagnosis",0.0402475022370558,0.401484128462705,0.150706633713397,0.00838489629938662,192,"score_z ~ diagnosis",0.0402475022370558,1,FALSE
"MDD_GSE98793","WGCNA_black",-0.290645575415922,0.15204029330015,0.0574278428887376,192,"score_z ~ diagnosis",0.196895461332815,-0.290645575415922,0.15204029330015,0.0574278428887376,192,"score_z ~ diagnosis",0.196895461332815,1,FALSE
"MDD_GSE98793","WGCNA_blue",0.0897548058646816,0.153357281069304,0.559063305215665,192,"score_z ~ diagnosis",0.794831912374156,0.0897548058646816,0.153357281069304,0.559063305215665,192,"score_z ~ diagnosis",0.794831912374156,1,FALSE
"MDD_GSE98793","WGCNA_brown",0.0284703826544015,0.153481559621164,0.853037036903945,192,"score_z ~ diagnosis",0.930585858440667,0.0284703826544015,0.153481559621164,0.853037036903945,192,"score_z ~ diagnosis",0.930585858440667,1,FALSE
"MDD_GSE98793","WGCNA_cyan",0.018847760183386,0.153489366371541,0.902399051626904,192,"score_z ~ diagnosis",0.941633793001987,0.018847760183386,0.153489366371541,0.902399051626904,192,"score_z ~ diagnosis",0.941633793001987,1,FALSE
"MDD_GSE98793","WGCNA_green",-0.102976395752241,0.153313548031784,0.502608465391279,192,"score_z ~ diagnosis",0.794831912374156,-0.102976395752241,0.153313548031784,0.502608465391279,192,"score_z ~ diagnosis",0.794831912374156,1,FALSE
"MDD_GSE98793","WGCNA_greenyellow",0.0714647009545786,0.153407872173591,0.64185811241149,192,"score_z ~ diagnosis",0.810768141993461,0.0714647009545786,0.153407872173591,0.64185811241149,192,"score_z ~ diagnosis",0.810768141993461,1,FALSE
"MDD_GSE98793","WGCNA_lightcyan",0.000813780269099875,0.153495445462375,0.995775471532465,192,"score_z ~ diagnosis",0.995775471532465,0.000813780269099875,0.153495445462375,0.995775471532465,192,"score_z ~ diagnosis",0.995775471532465,1,FALSE
"MDD_GSE98793","WGCNA_magenta",0.138178668175293,0.153167764158013,0.36812505346463,192,"score_z ~ diagnosis",0.679615483319318,0.138178668175293,0.153167764158013,0.36812505346463,192,"score_z ~ diagnosis",0.679615483319318,1,FALSE
"MDD_GSE98793","WGCNA_midnightblue",0.154549828724256,0.153085405307338,0.313987189643586,192,"score_z ~ diagnosis",0.679615483319318,0.154549828724256,0.153085405307338,0.313987189643586,192,"score_z ~ diagnosis",0.679615483319318,1,FALSE
"MDD_GSE98793","WGCNA_pink",0.179132381370027,0.152944332665339,0.242974666983143,192,"score_z ~ diagnosis",0.583139200759544,0.179132381370027,0.152944332665339,0.242974666983143,192,"score_z ~ diagnosis",0.583139200759544,1,FALSE
"MDD_GSE98793","WGCNA_purple",0.217084600281635,0.152685379583408,0.156730327148747,192,"score_z ~ diagnosis",0.470190981446242,0.217084600281635,0.152685379583408,0.156730327148747,192,"score_z ~ diagnosis",0.470190981446242,1,FALSE
"MDD_GSE98793","WGCNA_red",0.182818406138013,0.152921375229184,0.233379403045811,192,"score_z ~ diagnosis",0.583139200759544,0.182818406138013,0.152921375229184,0.233379403045811,192,"score_z ~ diagnosis",0.583139200759544,1,FALSE
"MDD_GSE98793","WGCNA_salmon",0.0386480155843001,0.1534698467022,0.801446141857837,192,"score_z ~ diagnosis",0.930585858440667,0.0386480155843001,0.1534698467022,0.801446141857837,192,"score_z ~ diagnosis",0.930585858440667,1,FALSE
"MDD_GSE98793","WGCNA_tan",-0.0308012401259634,0.15347919083375,0.841158180568448,192,"score_z ~ diagnosis",0.930585858440667,-0.0308012401259634,0.15347919083375,0.841158180568448,192,"score_z ~ diagnosis",0.930585858440667,1,FALSE
"MDD_GSE98793","WGCNA_turquoise",-0.0864852473677646,0.153367168688459,0.573480527722459,192,"score_z ~ diagnosis",0.794831912374156,-0.0864852473677646,0.153367168688459,0.573480527722459,192,"score_z ~ diagnosis",0.794831912374156,1,FALSE
"MDD_GSE98793","WGCNA_yellow",0.13888801671483,0.153164387416593,0.365666152022016,192,"score_z ~ diagnosis",0.679615483319318,0.13888801671483,0.153164387416593,0.365666152022016,192,"score_z ~ diagnosis",0.679615483319318,1,FALSE
"AD_GSE48350","hepatic_acute_phase_response_module",0.0323545963802891,0.179286415991346,0.857219335986887,253,"score_z ~ diagnosis + region + age_z + sex + (1 | donor_id)",0.894489741899361,0.0323545963802891,0.179286415991346,0.857219335986887,253,"score_z ~ diagnosis + region + age_z + sex + (1 | donor_id)",0.894489741899361,1,FALSE
"AD_GSE48350","hepatic_complement_coagulation_module",-0.0503473124994388,0.178833194883368,0.779000681761777,253,"score_z ~ diagnosis + region + age_z + sex + (1 | donor_id)",0.89028649344203,-0.0503473124994388,0.178833194883368,0.779000681761777,253,"score_z ~ diagnosis + region + age_z + sex + (1 | donor_id)",0.89028649344203,1,FALSE
"AD_GSE48350","hepatic_ECM_fibrosis_module",0.128164991156824,0.17242499114352,0.459512048215333,253,"score_z ~ diagnosis + region + age_z + sex + (1 | donor_id)",0.733279517271373,0.128164991156824,0.17242499114352,0.459512048215333,253,"score_z ~ diagnosis + region + age_z + sex + (1 | donor_id)",0.733279517271373,1,FALSE
"AD_GSE48350","hepatic_endothelial_vascular_activation_module",-0.0456282905449032,0.200756535742169,0.820766526335212,253,"score_z ~ diagnosis + region + age_z + sex + (1 | donor_id)",0.894489741899361,-0.0456282905449032,0.200756535742169,0.820766526335212,253,"score_z ~ diagnosis + region + age_z + sex + (1 | donor_id)",0.894489741899361,1,FALSE
"AD_GSE48350","hepatic_inflammatory_module",0.14998322997667,0.184097832567881,0.41754801041957,253,"score_z ~ diagnosis + region + age_z + sex + (1 | donor_id)",0.715796589290692,0.14998322997667,0.184097832567881,0.41754801041957,253,"score_z ~ diagnosis + region + age_z + sex + (1 | donor_id)",0.715796589290692,1,FALSE
"AD_GSE48350","hepatic_lipid_dysregulation_module",-0.414192686068986,0.204567824063787,0.0460589298655126,253,"score_z ~ diagnosis + region + age_z + sex + (1 | donor_id)",0.221082863354461,-0.414192686068986,0.204567824063787,0.0460589298655126,253,"score_z ~ diagnosis + region + age_z + sex + (1 | donor_id)",0.221082863354461,1,FALSE
"AD_GSE48350","hepatic_mitochondrial_dysfunction_module",-0.474359965809538,0.192881736268035,0.0161175231686821,253,"score_z ~ diagnosis + region + age_z + sex + (1 | donor_id)",0.193410278024186,-0.474359965809538,0.192881736268035,0.0161175231686821,253,"score_z ~ diagnosis + region + age_z + sex + (1 | donor_id)",0.193410278024186,1,FALSE
"AD_GSE48350","hepatic_secretome_hepatokine_module",0.139238302865041,0.156767578347158,0.377103381904329,253,"score_z ~ diagnosis + region + age_z + sex + (1 | donor_id)",0.696190858900299,0.139238302865041,0.156767578347158,0.377103381904329,253,"score_z ~ diagnosis + region + age_z + sex + (1 | donor_id)",0.696190858900299,1,FALSE
"AD_GSE48350","WGCNA_black",0.160576675738867,0.174556610706896,0.360341293643788,253,"score_z ~ diagnosis + region + age_z + sex + (1 | donor_id)",0.696190858900299,0.160576675738867,0.174556610706896,0.360341293643788,253,"score_z ~ diagnosis + region + age_z + sex + (1 | donor_id)",0.696190858900299,1,FALSE
"AD_GSE48350","WGCNA_blue",-0.306098686344042,0.187912266040613,0.107396987705253,253,"score_z ~ diagnosis + region + age_z + sex + (1 | donor_id)",0.368218243560867,-0.306098686344042,0.187912266040613,0.107396987705253,253,"score_z ~ diagnosis + region + age_z + sex + (1 | donor_id)",0.368218243560867,1,FALSE
"AD_GSE48350","WGCNA_brown",-0.280449137074918,0.194499679709534,0.153594115323998,253,"score_z ~ diagnosis + region + age_z + sex + (1 | donor_id)",0.40958430753066,-0.280449137074918,0.194499679709534,0.153594115323998,253,"score_z ~ diagnosis + region + age_z + sex + (1 | donor_id)",0.40958430753066,1,FALSE
"AD_GSE48350","WGCNA_cyan",0.334411802728428,0.15710985479216,0.036822237327807,253,"score_z ~ diagnosis + region + age_z + sex + (1 | donor_id)",0.220933423966842,0.334411802728428,0.15710985479216,0.036822237327807,253,"score_z ~ diagnosis + region + age_z + sex + (1 | donor_id)",0.220933423966842,1,FALSE
"AD_GSE48350","WGCNA_green",-0.560634828710688,0.186463578287637,0.00355294673926359,253,"score_z ~ diagnosis + region + age_z + sex + (1 | donor_id)",0.0852707217423261,-0.560634828710688,0.186463578287637,0.00355294673926359,253,"score_z ~ diagnosis + region + age_z + sex + (1 | donor_id)",0.0852707217423261,1,FALSE
"AD_GSE48350","WGCNA_greenyellow",-0.294206336584676,0.156511129435898,0.0635735628868251,253,"score_z ~ diagnosis + region + age_z + sex + (1 | donor_id)",0.2542942515473,-0.294206336584676,0.156511129435898,0.0635735628868251,253,"score_z ~ diagnosis + region + age_z + sex + (1 | donor_id)",0.2542942515473,1,FALSE
"AD_GSE48350","WGCNA_lightcyan",0.134087188312235,0.192845602892853,0.488853011514249,253,"score_z ~ diagnosis + region + age_z + sex + (1 | donor_id)",0.733279517271373,0.134087188312235,0.192845602892853,0.488853011514249,253,"score_z ~ diagnosis + region + age_z + sex + (1 | donor_id)",0.733279517271373,1,FALSE
"AD_GSE48350","WGCNA_magenta",0.0664591637642352,0.136630285079029,0.628081390390382,253,"score_z ~ diagnosis + region + age_z + sex + (1 | donor_id)",0.793365966808903,0.0664591637642352,0.136630285079029,0.628081390390382,253,"score_z ~ diagnosis + region + age_z + sex + (1 | donor_id)",0.793365966808903,1,FALSE
"AD_GSE48350","WGCNA_midnightblue",0.232868101908961,0.159870588151393,0.149597854945661,253,"score_z ~ diagnosis + region + age_z + sex + (1 | donor_id)",0.40958430753066,0.232868101908961,0.159870588151393,0.149597854945661,253,"score_z ~ diagnosis + region + age_z + sex + (1 | donor_id)",0.40958430753066,1,FALSE
"AD_GSE48350","WGCNA_pink",-0.0207674792242062,0.157095761708817,0.895207081753303,253,"score_z ~ diagnosis + region + age_z + sex + (1 | donor_id)",0.895207081753303,-0.0207674792242062,0.157095761708817,0.895207081753303,253,"score_z ~ diagnosis + region + age_z + sex + (1 | donor_id)",0.895207081753303,1,FALSE
"AD_GSE48350","WGCNA_purple",0.0510617100628037,0.126225086577126,0.687192662580278,253,"score_z ~ diagnosis + region + age_z + sex + (1 | donor_id)",0.824631195096334,0.0510617100628037,0.126225086577126,0.687192662580278,253,"score_z ~ diagnosis + region + age_z + sex + (1 | donor_id)",0.824631195096334,1,FALSE
"AD_GSE48350","WGCNA_red",0.101877430073035,0.173687859969378,0.559074343406939,253,"score_z ~ diagnosis + region + age_z + sex + (1 | donor_id)",0.789281425986267,0.101877430073035,0.173687859969378,0.559074343406939,253,"score_z ~ diagnosis + region + age_z + sex + (1 | donor_id)",0.789281425986267,1,FALSE
"AD_GSE48350","WGCNA_salmon",0.225919296447072,0.166231980945446,0.177733552449733,253,"score_z ~ diagnosis + region + age_z + sex + (1 | donor_id)",0.426560525879359,0.225919296447072,0.166231980945446,0.177733552449733,253,"score_z ~ diagnosis + region + age_z + sex + (1 | donor_id)",0.426560525879359,1,FALSE
"AD_GSE48350","WGCNA_tan",0.0843631948811414,0.156925595718322,0.592505878376544,253,"score_z ~ diagnosis + region + age_z + sex + (1 | donor_id)",0.790007837835392,0.0843631948811414,0.156925595718322,0.592505878376544,253,"score_z ~ diagnosis + region + age_z + sex + (1 | donor_id)",0.790007837835392,1,FALSE
"AD_GSE48350","WGCNA_turquoise",0.24276552134515,0.193387713676589,0.21327337536131,253,"score_z ~ diagnosis + region + age_z + sex + (1 | donor_id)",0.46532372806104,0.24276552134515,0.193387713676589,0.21327337536131,253,"score_z ~ diagnosis + region + age_z + sex + (1 | donor_id)",0.46532372806104,1,FALSE
"AD_GSE48350","WGCNA_yellow",-0.430388786994365,0.190502290613643,0.0269833002192931,253,"score_z ~ diagnosis + region + age_z + sex + (1 | donor_id)",0.215866401754345,-0.430388786994365,0.190502290613643,0.0269833002192931,253,"score_z ~ diagnosis + region + age_z + sex + (1 | donor_id)",0.215866401754345,1,FALSE
"AD_GSE5281","hepatic_acute_phase_response_module",0.721473140014304,0.14590207167993,1.96115284342251e-06,161,"descriptive score_z ~ diagnosis + region",5.88345853026754e-06,0.721473140014304,0.14590207167993,1.96115284342251e-06,161,"descriptive score_z ~ diagnosis + region",5.88345853026754e-06,1,FALSE
"AD_GSE5281","hepatic_complement_coagulation_module",0.270702293857375,0.15342051792652,0.0796265812872987,161,"descriptive score_z ~ diagnosis + region",0.119439871930948,0.270702293857375,0.15342051792652,0.0796265812872987,161,"descriptive score_z ~ diagnosis + region",0.119439871930948,1,FALSE
"AD_GSE5281","hepatic_ECM_fibrosis_module",1.20977119995569,0.127872413172427,4.76296083207918e-17,161,"descriptive score_z ~ diagnosis + region",1.143110599699e-15,1.20977119995569,0.127872413172427,4.76296083207918e-17,161,"descriptive score_z ~ diagnosis + region",1.143110599699e-15,1,FALSE
"AD_GSE5281","hepatic_endothelial_vascular_activation_module",0.85979383937111,0.143428459511942,1.37916069034136e-08,161,"descriptive score_z ~ diagnosis + region",4.72855093831323e-08,0.85979383937111,0.143428459511942,1.37916069034136e-08,161,"descriptive score_z ~ diagnosis + region",4.72855093831323e-08,1,FALSE
"AD_GSE5281","hepatic_inflammatory_module",1.11284762155327,0.133844825631266,4.38944259957768e-14,161,"descriptive score_z ~ diagnosis + region",5.26733111949322e-13,1.11284762155327,0.133844825631266,4.38944259957768e-14,161,"descriptive score_z ~ diagnosis + region",5.26733111949322e-13,1,FALSE
"AD_GSE5281","hepatic_lipid_dysregulation_module",-0.297970375696231,0.15334000000535,0.0538037939727344,161,"descriptive score_z ~ diagnosis + region",0.0922350753818303,-0.297970375696231,0.15334000000535,0.0538037939727344,161,"descriptive score_z ~ diagnosis + region",0.0922350753818303,1,FALSE
"AD_GSE5281","hepatic_mitochondrial_dysfunction_module",-0.942480567428387,0.140276284206275,3.29224821984156e-10,161,"descriptive score_z ~ diagnosis + region",1.58027914552395e-09,-0.942480567428387,0.140276284206275,3.29224821984156e-10,161,"descriptive score_z ~ diagnosis + region",1.58027914552395e-09,1,FALSE
"AD_GSE5281","hepatic_secretome_hepatokine_module",0.849846460460425,0.140780492845576,1.11722335041218e-08,161,"descriptive score_z ~ diagnosis + region",4.46889340164872e-08,0.849846460460425,0.140780492845576,1.11722335041218e-08,161,"descriptive score_z ~ diagnosis + region",4.46889340164872e-08,1,FALSE
"AD_GSE5281","WGCNA_black",-0.194683010559478,0.150798169928592,0.198619936363602,161,"descriptive score_z ~ diagnosis + region",0.238343923636323,-0.194683010559478,0.150798169928592,0.198619936363602,161,"descriptive score_z ~ diagnosis + region",0.238343923636323,1,FALSE
"AD_GSE5281","WGCNA_blue",0.412096546586249,0.136776911142854,0.00302309481112434,161,"descriptive score_z ~ diagnosis + region",0.00659584322427129,0.412096546586249,0.136776911142854,0.00302309481112434,161,"descriptive score_z ~ diagnosis + region",0.00659584322427129,1,FALSE
"AD_GSE5281","WGCNA_brown",-0.336677134555612,0.159261205501527,0.036116405427794,161,"descriptive score_z ~ diagnosis + region",0.0666764407897736,-0.336677134555612,0.159261205501527,0.036116405427794,161,"descriptive score_z ~ diagnosis + region",0.0666764407897736,1,FALSE
"AD_GSE5281","WGCNA_cyan",-0.271197730433741,0.149536740378261,0.0716758391518186,161,"descriptive score_z ~ diagnosis + region",0.11468134264291,-0.271197730433741,0.149536740378261,0.0716758391518186,161,"descriptive score_z ~ diagnosis + region",0.11468134264291,1,FALSE
"AD_GSE5281","WGCNA_green",-1.03238804237265,0.139448515065933,7.92986782572464e-12,161,"descriptive score_z ~ diagnosis + region",6.34389426057971e-11,-1.03238804237265,0.139448515065933,7.92986782572464e-12,161,"descriptive score_z ~ diagnosis + region",6.34389426057971e-11,1,FALSE
"AD_GSE5281","WGCNA_greenyellow",-0.475686657531148,0.140475720703729,0.000897950764564219,161,"descriptive score_z ~ diagnosis + region",0.00215508183495413,-0.475686657531148,0.140475720703729,0.000897950764564219,161,"descriptive score_z ~ diagnosis + region",0.00215508183495413,1,FALSE
"AD_GSE5281","WGCNA_lightcyan",0.142173179140066,0.155838291091882,0.363021150820378,161,"descriptive score_z ~ diagnosis + region",0.414881315223289,0.142173179140066,0.155838291091882,0.363021150820378,161,"descriptive score_z ~ diagnosis + region",0.414881315223289,1,FALSE
"AD_GSE5281","WGCNA_magenta",-0.241480523699097,0.15634301045046,0.124492951700359,161,"descriptive score_z ~ diagnosis + region",0.160546736522267,-0.241480523699097,0.15634301045046,0.124492951700359,161,"descriptive score_z ~ diagnosis + region",0.160546736522267,1,FALSE
"AD_GSE5281","WGCNA_midnightblue",0.25163203860582,0.153412314864461,0.10298444697782,161,"descriptive score_z ~ diagnosis + region",0.1453898074981,0.25163203860582,0.153412314864461,0.10298444697782,161,"descriptive score_z ~ diagnosis + region",0.1453898074981,1,FALSE
"AD_GSE5281","WGCNA_pink",0.624167362411724,0.141813293510229,1.99375725103066e-05,161,"descriptive score_z ~ diagnosis + region",5.31668600274843e-05,0.624167362411724,0.141813293510229,1.99375725103066e-05,161,"descriptive score_z ~ diagnosis + region",5.31668600274843e-05,1,FALSE
"AD_GSE5281","WGCNA_purple",-0.0979667751635984,0.156445053577306,0.532101157460506,161,"descriptive score_z ~ diagnosis + region",0.580473989956915,-0.0979667751635984,0.156445053577306,0.532101157460506,161,"descriptive score_z ~ diagnosis + region",0.580473989956915,1,FALSE
"AD_GSE5281","WGCNA_red",0.923316799557848,0.132153895648672,7.81915386310396e-11,161,"descriptive score_z ~ diagnosis + region",4.69149231786238e-10,0.923316799557848,0.132153895648672,7.81915386310396e-11,161,"descriptive score_z ~ diagnosis + region",4.69149231786238e-10,1,FALSE
"AD_GSE5281","WGCNA_salmon",-0.355647476105573,0.150005643800121,0.0189743176856272,161,"descriptive score_z ~ diagnosis + region",0.0379486353712544,-0.355647476105573,0.150005643800121,0.0189743176856272,161,"descriptive score_z ~ diagnosis + region",0.0379486353712544,1,FALSE
"AD_GSE5281","WGCNA_tan",-0.0230180885728733,0.159013910793253,0.885092217172107,161,"descriptive score_z ~ diagnosis + region",0.885092217172107,-0.0230180885728733,0.159013910793253,0.885092217172107,161,"descriptive score_z ~ diagnosis + region",0.885092217172107,1,FALSE
"AD_GSE5281","WGCNA_turquoise",-0.0390050273966269,0.142979728354801,0.785369220274571,161,"descriptive score_z ~ diagnosis + region",0.819515708112596,-0.0390050273966269,0.142979728354801,0.785369220274571,161,"descriptive score_z ~ diagnosis + region",0.819515708112596,1,FALSE
"AD_GSE5281","WGCNA_yellow",0.222200538417918,0.144862400065848,0.127099499746795,161,"descriptive score_z ~ diagnosis + region",0.160546736522267,0.222200538417918,0.144862400065848,0.127099499746795,161,"descriptive score_z ~ diagnosis + region",0.160546736522267,1,FALSE
"AD_GSE33000","hepatic_acute_phase_response_module",0.988612916181226,0.104006425511759,1.08431012148522e-19,467,"score_z ~ diagnosis + age_z + sex",4.15652213236001e-19,0.988612916181226,0.104006425511759,1.08431012148522e-19,467,"score_z ~ diagnosis + age_z + sex",4.15652213236001e-19,1,FALSE
"AD_GSE33000","hepatic_complement_coagulation_module",1.02093950709312,0.0996339017694841,2.40980785365382e-22,467,"score_z ~ diagnosis + age_z + sex",2.7712790317019e-21,1.02093950709312,0.0996339017694841,2.40980785365382e-22,467,"score_z ~ diagnosis + age_z + sex",2.7712790317019e-21,1,FALSE
"AD_GSE33000","hepatic_ECM_fibrosis_module",1.04971677403939,0.104557265642731,1.36815485251235e-21,467,"score_z ~ diagnosis + age_z + sex",1.04891872025947e-20,1.04971677403939,0.104557265642731,1.36815485251235e-21,467,"score_z ~ diagnosis + age_z + sex",1.04891872025947e-20,1,FALSE
"AD_GSE33000","hepatic_endothelial_vascular_activation_module",0.993211697953335,0.104781098048524,1.34026697967581e-19,467,"score_z ~ diagnosis + age_z + sex",4.40373436179196e-19,0.993211697953335,0.104781098048524,1.34026697967581e-19,467,"score_z ~ diagnosis + age_z + sex",4.40373436179196e-19,1,FALSE
"AD_GSE33000","hepatic_inflammatory_module",1.03087932471304,0.106102249127364,1.97066044134605e-20,467,"score_z ~ diagnosis + age_z + sex",9.06503803019185e-20,1.03087932471304,0.106102249127364,1.97066044134605e-20,467,"score_z ~ diagnosis + age_z + sex",9.06503803019185e-20,1,FALSE
"AD_GSE33000","hepatic_lipid_dysregulation_module",0.237918279401441,0.123473427507689,0.0546064216105311,467,"score_z ~ diagnosis + age_z + sex",0.0627973848521108,0.237918279401441,0.123473427507689,0.0546064216105311,467,"score_z ~ diagnosis + age_z + sex",0.0627973848521108,1,FALSE
"AD_GSE33000","hepatic_mitochondrial_dysfunction_module",-1.18975145294797,0.104963021111511,1.88286889049975e-26,467,"score_z ~ diagnosis + age_z + sex",4.33059844814942e-25,-1.18975145294797,0.104963021111511,1.88286889049975e-26,467,"score_z ~ diagnosis + age_z + sex",4.33059844814942e-25,1,FALSE
"AD_GSE33000","hepatic_secretome_hepatokine_module",0.889414320162789,0.11051969016125,7.16737839274186e-15,467,"score_z ~ diagnosis + age_z + sex",1.64849703033063e-14,0.889414320162789,0.11051969016125,7.16737839274186e-15,467,"score_z ~ diagnosis + age_z + sex",1.64849703033063e-14,1,FALSE
"AD_GSE33000","WGCNA_black",0.20497332213437,0.132009063579659,0.121172914195674,467,"score_z ~ diagnosis + age_z + sex",0.132713191738119,0.20497332213437,0.132009063579659,0.121172914195674,467,"score_z ~ diagnosis + age_z + sex",0.132713191738119,1,FALSE
"AD_GSE33000","WGCNA_blue",0.506325419721123,0.12435709936817,5.49247380336966e-05,467,"score_z ~ diagnosis + age_z + sex",7.43099396926484e-05,0.506325419721123,0.12435709936817,5.49247380336966e-05,467,"score_z ~ diagnosis + age_z + sex",7.43099396926484e-05,1,FALSE
"AD_GSE33000","WGCNA_brown",0.0954658238672029,0.12618240010403,0.449692287410528,467,"score_z ~ diagnosis + age_z + sex",0.449692287410528,0.0954658238672029,0.12618240010403,0.449692287410528,467,"score_z ~ diagnosis + age_z + sex",0.449692287410528,1,FALSE
"AD_GSE33000","WGCNA_cyan",-0.618112971975582,0.11799721840472,2.46453758969739e-07,467,"score_z ~ diagnosis + age_z + sex",4.04888318307428e-07,-0.618112971975582,0.11799721840472,2.46453758969739e-07,467,"score_z ~ diagnosis + age_z + sex",4.04888318307428e-07,1,FALSE
"AD_GSE33000","WGCNA_green",-0.986868284071845,0.112329946841959,3.05197743546431e-17,467,"score_z ~ diagnosis + age_z + sex",7.79949789063102e-17,-0.986868284071845,0.112329946841959,3.05197743546431e-17,467,"score_z ~ diagnosis + age_z + sex",7.79949789063102e-17,1,FALSE
"AD_GSE33000","WGCNA_greenyellow",-0.589677444728654,0.125868250701686,3.68769751307102e-06,467,"score_z ~ diagnosis + age_z + sex",5.30106517503958e-06,-0.589677444728654,0.125868250701686,3.68769751307102e-06,467,"score_z ~ diagnosis + age_z + sex",5.30106517503958e-06,1,FALSE
"AD_GSE33000","WGCNA_lightcyan",-0.548375598208872,0.116974743714749,3.63470981291775e-06,467,"score_z ~ diagnosis + age_z + sex",5.30106517503958e-06,-0.548375598208872,0.116974743714749,3.63470981291775e-06,467,"score_z ~ diagnosis + age_z + sex",5.30106517503958e-06,1,FALSE
"AD_GSE33000","WGCNA_magenta",-0.789593902138389,0.116545448083969,3.79194126428394e-11,467,"score_z ~ diagnosis + age_z + sex",7.9286044616846e-11,-0.789593902138389,0.116545448083969,3.79194126428394e-11,467,"score_z ~ diagnosis + age_z + sex",7.9286044616846e-11,1,FALSE
"AD_GSE33000","WGCNA_pink",0.694060777158554,0.121898969438747,2.21032947411584e-08,467,"score_z ~ diagnosis + age_z + sex",3.91058291574341e-08,0.694060777158554,0.121898969438747,2.21032947411584e-08,467,"score_z ~ diagnosis + age_z + sex",3.91058291574341e-08,1,FALSE
"AD_GSE33000","WGCNA_purple",-1.09960246314571,0.113096156380864,1.8640830514923e-20,467,"score_z ~ diagnosis + age_z + sex",9.06503803019185e-20,-1.09960246314571,0.113096156380864,1.8640830514923e-20,467,"score_z ~ diagnosis + age_z + sex",9.06503803019185e-20,1,FALSE
"AD_GSE33000","WGCNA_red",0.936372779631634,0.103901336229342,5.33669110638283e-18,467,"score_z ~ diagnosis + age_z + sex",1.53429869308506e-17,0.936372779631634,0.103901336229342,5.33669110638283e-18,467,"score_z ~ diagnosis + age_z + sex",1.53429869308506e-17,1,FALSE
"AD_GSE33000","WGCNA_salmon",-0.250996276117524,0.128342171948921,0.0511038363588924,467,"score_z ~ diagnosis + age_z + sex",0.0618625387502382,-0.250996276117524,0.128342171948921,0.0511038363588924,467,"score_z ~ diagnosis + age_z + sex",0.0618625387502382,1,FALSE
"AD_GSE33000","WGCNA_tan",-0.790938488998454,0.118938300009637,8.27906296286211e-11,467,"score_z ~ diagnosis + age_z + sex",1.58682040121524e-10,-0.790938488998454,0.118938300009637,8.27906296286211e-11,467,"score_z ~ diagnosis + age_z + sex",1.58682040121524e-10,1,FALSE
"AD_GSE33000","WGCNA_turquoise",-0.137799250303265,0.127677304784449,0.281025927517941,467,"score_z ~ diagnosis + age_z + sex",0.293799833314211,-0.137799250303265,0.127677304784449,0.281025927517941,467,"score_z ~ diagnosis + age_z + sex",0.293799833314211,1,FALSE
"AD_GSE33000","WGCNA_yellow",0.366690669688484,0.125381086839183,0.00361814735706748,467,"score_z ~ diagnosis + age_z + sex",0.00462318828958623,0.366690669688484,0.125381086839183,0.00361814735706748,467,"score_z ~ diagnosis + age_z + sex",0.00462318828958623,1,FALSE
