"dataset","tissue","module","original_size","detectable_size","coverage_fraction","effect","SE","CI_low","CI_high","P","empirical_P_abs_effect","singular_fit","B","seed","formula","empirical_BH_FDR_abs_effect"
"GSE98793_blood","blood","hepatic_inflammatory_module",446,443,0.993273542600897,0.336323282454102,0.154052153559956,0.0343810614765889,0.638265503431615,0.0201360359519784,0.0484757621189405,,2000,20260802,"Welch two-sample t-test; Cohen d = MDD minus Control",0.193903048475762
"GSE98793_blood","blood","hepatic_complement_coagulation_module",76,73,0.960526315789474,0.579508802518606,0.155923245442307,0.273899241451684,0.885118363585527,0.000358133599649539,0.00199900049975012,,2000,20260802,"Welch two-sample t-test; Cohen d = MDD minus Control",0.047976011994003
"GSE98793_blood","blood","hepatic_lipid_dysregulation_module",339,333,0.982300884955752,0.202005424807905,0.15343978012267,-0.0987365442325283,0.502747393848338,0.213942244292316,0.175912043978011,,2000,20260802,"Welch two-sample t-test; Cohen d = MDD minus Control",0.422188905547226
"GSE98793_blood","blood","hepatic_ECM_fibrosis_module",345,345,1,0.422445005639369,0.154603489668511,0.119422165889087,0.72546784538965,0.00673529299581945,0.0184907546226887,,2000,20260802,"Welch two-sample t-test; Cohen d = MDD minus Control",0.110944527736132
"GSE98793_blood","blood","hepatic_mitochondrial_dysfunction_module",252,249,0.988095238095238,-0.0930724192512878,0.153166767052231,-0.393279282673661,0.207134444171086,0.546190846767299,0.455772113943028,,2000,20260802,"Welch two-sample t-test; Cohen d = MDD minus Control",0.729235382308846
"GSE98793_blood","blood","hepatic_acute_phase_response_module",270,259,0.959259259259259,0.413636535428677,0.154541451958837,0.110735289589357,0.716537781267997,0.00402995598795467,0.0139930034982509,,2000,20260802,"Welch two-sample t-test; Cohen d = MDD minus Control",0.110944527736132
"GSE98793_blood","blood","hepatic_endothelial_vascular_activation_module",82,81,0.98780487804878,0.428520271269391,0.154647024358503,0.125412103526724,0.731628439012058,0.0050741245968447,0.0124937531234383,,2000,20260802,"Welch two-sample t-test; Cohen d = MDD minus Control",0.110944527736132
"GSE98793_blood","blood","hepatic_secretome_hepatokine_module",97,91,0.938144329896907,0.378456259051285,0.154306489014956,0.0760155405819721,0.680896977520598,0.0175766370868863,0.0379810094952524,,2000,20260802,"Welch two-sample t-test; Cohen d = MDD minus Control",0.182308845577211
"GSE98793_blood","blood","WGCNA_turquoise",5967,5652,0.947209653092006,-0.0944955587217659,0.153169036275237,-0.394706869821229,0.205715752377698,0.554616548089689,0.84007996001999,,2000,20260802,"Welch two-sample t-test; Cohen d = MDD minus Control",0.879212567629229
"GSE98793_blood","blood","WGCNA_red",1040,921,0.885576923076923,0.187377917941295,0.153391438980235,-0.113269302459966,0.488025138342555,0.211517001906493,0.28335832083958,,2000,20260802,"Welch two-sample t-test; Cohen d = MDD minus Control",0.543156992932105
"GSE98793_blood","blood","WGCNA_brown",1832,1573,0.858624454148472,-0.0626983200658822,0.153126539782557,-0.362826338039693,0.237429697907929,0.67438221125488,0.971514242878561,,2000,20260802,"Welch two-sample t-test; Cohen d = MDD minus Control",0.971514242878561
"GSE98793_blood","blood","WGCNA_yellow",1245,1192,0.957429718875502,0.120664291416847,0.153216893100305,-0.17964081905975,0.420969401893445,0.450013216397663,0.842578710644678,,2000,20260802,"Welch two-sample t-test; Cohen d = MDD minus Control",0.879212567629229
"GSE98793_blood","blood","WGCNA_blue",3342,2997,0.896768402154399,0.0908419179974504,0.15316327968858,-0.209358110192166,0.391041946187067,0.571985585284652,0.294852573713143,,2000,20260802,"Welch two-sample t-test; Cohen d = MDD minus Control",0.543156992932105
"GSE98793_blood","blood","WGCNA_pink",825,751,0.91030303030303,0.164017552685308,0.153321742295043,-0.136493062212977,0.464528167583593,0.300279605799919,0.487256371814093,,2000,20260802,"Welch two-sample t-test; Cohen d = MDD minus Control",0.730884557721139
"GSE98793_blood","blood","WGCNA_black",1012,800,0.790513833992095,-0.273212038974626,0.153726665050348,-0.574516302473307,0.0280922245240551,0.0887980298613039,0.104447776111944,,2000,20260802,"Welch two-sample t-test; Cohen d = MDD minus Control",0.313343328335832
"GSE98793_blood","blood","WGCNA_green",1041,921,0.884726224783862,-0.105192421404174,0.153187193539073,-0.405439320740756,0.195054477932408,0.497561946223891,0.816591704147926,,2000,20260802,"Welch two-sample t-test; Cohen d = MDD minus Control",0.879212567629229
"GSE98793_blood","blood","WGCNA_purple",114,98,0.859649122807018,0.151218755468571,0.153287474279041,-0.149224694118349,0.45166220505549,0.319967178877811,0.316841579210395,,2000,20260802,"Welch two-sample t-test; Cohen d = MDD minus Control",0.543156992932105
"GSE98793_blood","blood","WGCNA_magenta",151,68,0.450331125827815,0.15061934409804,0.153285937422522,-0.149821093250104,0.451059781446183,0.324856262201799,0.170414792603698,,2000,20260802,"Welch two-sample t-test; Cohen d = MDD minus Control",0.422188905547226
"GSE98793_blood","blood","WGCNA_greenyellow",68,61,0.897058823529412,0.0949526510750023,0.153169772416595,-0.205260102861524,0.395165405011528,0.531680089177087,0.679660169915043,,2000,20260802,"Welch two-sample t-test; Cohen d = MDD minus Control",0.840179910044977
"GSE98793_blood","blood","WGCNA_salmon",45,14,0.311111111111111,0.0737444738185977,0.153139355172513,-0.226408662319528,0.373897609956723,0.624308308592106,0.596201899050475,,2000,20260802,"Welch two-sample t-test; Cohen d = MDD minus Control",0.794935865400633
"GSE98793_blood","blood","WGCNA_cyan",43,12,0.27906976744186,0.0800570220417727,0.153147609953007,-0.22011229346612,0.380226337549666,0.60192176338966,0.571214392803598,,2000,20260802,"Welch two-sample t-test; Cohen d = MDD minus Control",0.794935865400633
"GSE98793_blood","blood","WGCNA_tan",48,15,0.3125,-0.0540639073823146,0.153117966726923,-0.354175122167084,0.246047307402454,0.705614558800555,0.700149925037481,,2000,20260802,"Welch two-sample t-test; Cohen d = MDD minus Control",0.840179910044977
"GSE98793_blood","blood","WGCNA_lightcyan",35,9,0.257142857142857,0.145683720686079,0.153273514258357,-0.1547323672603,0.446099808632457,0.324840075780788,0.288855572213893,,2000,20260802,"Welch two-sample t-test; Cohen d = MDD minus Control",0.543156992932105
"GSE98793_blood","blood","WGCNA_midnightblue",40,7,0.175,0.253684023525093,0.153639489279692,-0.0474493754631041,0.55481742251329,0.100697832559719,0.072463768115942,,2000,20260802,"Welch two-sample t-test; Cohen d = MDD minus Control",0.248447204968944
"GSE102556_brain","brain","hepatic_inflammatory_module",446,438,0.982062780269058,-0.189420072489874,0.222246479734707,-0.625023172769899,0.246183027790152,0.398777723055374,0.240379810094953,FALSE,2000,20260802,"score_z ~ diagnosis + brain_region + age_z + sex + RIN_z + PMI_z + (1 | donor_id)",0.999500249875062
"GSE102556_brain","brain","hepatic_complement_coagulation_module",76,76,1,0.217379759872173,0.232202183242103,-0.237736519282349,0.672496039026694,0.349187790553172,0.20439780109945,FALSE,2000,20260802,"score_z ~ diagnosis + brain_region + age_z + sex + RIN_z + PMI_z + (1 | donor_id)",0.999500249875062
"GSE102556_brain","brain","hepatic_lipid_dysregulation_module",339,335,0.988200589970501,0.1222410323571,0.187165744863166,-0.244603827574705,0.489085892288906,0.513681189004251,0.871564217891054,FALSE,2000,20260802,"score_z ~ diagnosis + brain_region + age_z + sex + RIN_z + PMI_z + (1 | donor_id)",0.999500249875062
"GSE102556_brain","brain","hepatic_ECM_fibrosis_module",345,339,0.982608695652174,-0.00022673472292445,0.161990677809545,-0.317728463229632,0.317274993783784,0.998883219218561,0.999500249875062,FALSE,2000,20260802,"score_z ~ diagnosis + brain_region + age_z + sex + RIN_z + PMI_z + (1 | donor_id)",0.999500249875062
"GSE102556_brain","brain","hepatic_mitochondrial_dysfunction_module",252,234,0.928571428571429,0.187713399722892,0.181545300028873,-0.168115388333699,0.543542187779483,0.301147598039994,0.597701149425287,FALSE,2000,20260802,"score_z ~ diagnosis + brain_region + age_z + sex + RIN_z + PMI_z + (1 | donor_id)",0.999500249875062
"GSE102556_brain","brain","hepatic_acute_phase_response_module",270,269,0.996296296296296,0.155965544552394,0.213195611043267,-0.261897853092409,0.573828942197197,0.46443670244577,0.589705147426287,FALSE,2000,20260802,"score_z ~ diagnosis + brain_region + age_z + sex + RIN_z + PMI_z + (1 | donor_id)",0.999500249875062
"GSE102556_brain","brain","hepatic_endothelial_vascular_activation_module",82,79,0.963414634146341,0.139324498786532,0.188527397266376,-0.230189199855565,0.50883819742863,0.459898132831223,0.342328835582209,FALSE,2000,20260802,"score_z ~ diagnosis + brain_region + age_z + sex + RIN_z + PMI_z + (1 | donor_id)",0.999500249875062
"GSE102556_brain","brain","hepatic_secretome_hepatokine_module",97,94,0.969072164948454,0.0839032858386024,0.142388166427388,-0.195177520359078,0.362984092036283,0.555688593167294,0.735632183908046,FALSE,2000,20260802,"score_z ~ diagnosis + brain_region + age_z + sex + RIN_z + PMI_z + (1 | donor_id)",0.999500249875062
"GSE102556_brain","brain","WGCNA_turquoise",5967,5328,0.892911010558069,-0.0870444777678593,0.123448782895181,-0.329004092242415,0.154915136706696,0.480744271616868,0.955022488755622,FALSE,2000,20260802,"score_z ~ diagnosis + brain_region + age_z + sex + RIN_z + PMI_z + (1 | donor_id)",0.999500249875062
"GSE102556_brain","brain","WGCNA_red",1040,942,0.905769230769231,0.246654156286554,0.21513927952539,-0.17501883158321,0.668327144156318,0.251594146963085,0.0134932533733133,FALSE,2000,20260802,"score_z ~ diagnosis + brain_region + age_z + sex + RIN_z + PMI_z + (1 | donor_id)",0.32383808095952
"GSE102556_brain","brain","WGCNA_brown",1832,1607,0.877183406113537,0.0479799598895574,0.136451025548017,-0.219464050184555,0.31542396996367,0.725117490778807,0.95352323838081,FALSE,2000,20260802,"score_z ~ diagnosis + brain_region + age_z + sex + RIN_z + PMI_z + (1 | donor_id)",0.999500249875062
"GSE102556_brain","brain","WGCNA_yellow",1245,1139,0.914859437751004,0.0734665197350087,0.12195268311991,-0.165560739180014,0.312493778650032,0.546895776992651,0.934032983508246,FALSE,2000,20260802,"score_z ~ diagnosis + brain_region + age_z + sex + RIN_z + PMI_z + (1 | donor_id)",0.999500249875062
"GSE102556_brain","brain","WGCNA_blue",3342,2866,0.857570317175344,0.0880696693549814,0.123392213572772,-0.153779069247653,0.329918407957615,0.475389416534802,0.450774612693653,FALSE,2000,20260802,"score_z ~ diagnosis + brain_region + age_z + sex + RIN_z + PMI_z + (1 | donor_id)",0.999500249875062
"GSE102556_brain","brain","WGCNA_pink",825,704,0.853333333333333,-0.0279965394147752,0.124298102033433,-0.271620819400303,0.215627740570753,0.82179485816715,0.858570714642679,FALSE,2000,20260802,"score_z ~ diagnosis + brain_region + age_z + sex + RIN_z + PMI_z + (1 | donor_id)",0.999500249875062
"GSE102556_brain","brain","WGCNA_black",1012,757,0.74802371541502,-0.0054791071418507,0.106200385449268,-0.213631862622416,0.202673648338715,0.958853667458374,0.960019990004997,FALSE,2000,20260802,"score_z ~ diagnosis + brain_region + age_z + sex + RIN_z + PMI_z + (1 | donor_id)",0.999500249875062
"GSE102556_brain","brain","WGCNA_green",1041,862,0.82804995196926,0.237284526667043,0.189417289240421,-0.133973360244181,0.608542413578268,0.210312045180557,0.209895052473763,FALSE,2000,20260802,"score_z ~ diagnosis + brain_region + age_z + sex + RIN_z + PMI_z + (1 | donor_id)",0.999500249875062
"GSE102556_brain","brain","WGCNA_purple",114,94,0.824561403508772,-0.0054894044565799,0.0824248310976994,-0.167042073408071,0.156063264494911,0.946901008216722,0.968515742128936,FALSE,2000,20260802,"score_z ~ diagnosis + brain_region + age_z + sex + RIN_z + PMI_z + (1 | donor_id)",0.999500249875062
"GSE102556_brain","brain","WGCNA_magenta",151,91,0.602649006622517,-0.0950920299367712,0.149499241499865,-0.388110543276507,0.197926483402965,0.524730591415038,0.399300349825087,FALSE,2000,20260802,"score_z ~ diagnosis + brain_region + age_z + sex + RIN_z + PMI_z + (1 | donor_id)",0.999500249875062
"GSE102556_brain","brain","WGCNA_greenyellow",68,64,0.941176470588235,-0.0132724758384592,0.089805433367199,-0.189291125238169,0.162746173561251,0.882507351672321,0.912543728135932,FALSE,2000,20260802,"score_z ~ diagnosis + brain_region + age_z + sex + RIN_z + PMI_z + (1 | donor_id)",0.999500249875062
"GSE102556_brain","brain","WGCNA_salmon",45,26,0.577777777777778,-0.276130199289266,0.113720336165845,-0.499022058174322,-0.0532383404042094,0.0151760044333249,0.0274862568715642,TRUE,2000,20260802,"score_z ~ diagnosis + brain_region + age_z + sex + RIN_z + PMI_z + (1 | donor_id)",0.329835082458771
"GSE102556_brain","brain","WGCNA_cyan",43,28,0.651162790697674,-0.06670304686195,0.143707730233088,-0.348370198118802,0.214964104394902,0.642534778093561,0.579710144927536,FALSE,2000,20260802,"score_z ~ diagnosis + brain_region + age_z + sex + RIN_z + PMI_z + (1 | donor_id)",0.999500249875062
"GSE102556_brain","brain","WGCNA_tan",48,30,0.625,0.0137908407135313,0.132990069122785,-0.246869694767128,0.274451376194191,0.917408795904737,0.906546726636682,FALSE,2000,20260802,"score_z ~ diagnosis + brain_region + age_z + sex + RIN_z + PMI_z + (1 | donor_id)",0.999500249875062
"GSE102556_brain","brain","WGCNA_lightcyan",35,25,0.714285714285714,-0.0170696728196602,0.114782195313191,-0.242042775633514,0.207903429994193,0.881779633873665,0.88055972013993,FALSE,2000,20260802,"score_z ~ diagnosis + brain_region + age_z + sex + RIN_z + PMI_z + (1 | donor_id)",0.999500249875062
"GSE102556_brain","brain","WGCNA_midnightblue",40,22,0.55,0.0441267943619704,0.120678345586308,-0.192402762987194,0.280656351711135,0.714621577053905,0.717641179410295,TRUE,2000,20260802,"score_z ~ diagnosis + brain_region + age_z + sex + RIN_z + PMI_z + (1 | donor_id)",0.999500249875062
