"dataset_id","mapping_method","module","original_module_size","covered_gene_n"
"MDD_GSE98793","legacy_first_symbol_max_mean","hepatic_inflammatory_module",446,445
"MDD_GSE98793","legacy_first_symbol_max_mean","hepatic_complement_coagulation_module",76,75
"MDD_GSE98793","legacy_first_symbol_max_mean","hepatic_lipid_dysregulation_module",339,336
"MDD_GSE98793","legacy_first_symbol_max_mean","hepatic_ECM_fibrosis_module",345,345
"MDD_GSE98793","legacy_first_symbol_max_mean","hepatic_mitochondrial_dysfunction_module",252,251
"MDD_GSE98793","legacy_first_symbol_max_mean","hepatic_acute_phase_response_module",270,265
"MDD_GSE98793","legacy_first_symbol_max_mean","hepatic_endothelial_vascular_activation_module",82,82
"MDD_GSE98793","legacy_first_symbol_max_mean","hepatic_secretome_hepatokine_module",97,96
"MDD_GSE98793","legacy_first_symbol_max_mean","WGCNA_turquoise",5967,5648
"MDD_GSE98793","legacy_first_symbol_max_mean","WGCNA_red",1040,933
"MDD_GSE98793","legacy_first_symbol_max_mean","WGCNA_brown",1832,1600
"MDD_GSE98793","legacy_first_symbol_max_mean","WGCNA_yellow",1245,1194
"MDD_GSE98793","legacy_first_symbol_max_mean","WGCNA_blue",3342,3029
"MDD_GSE98793","legacy_first_symbol_max_mean","WGCNA_pink",825,756
"MDD_GSE98793","legacy_first_symbol_max_mean","WGCNA_black",1012,802
"MDD_GSE98793","legacy_first_symbol_max_mean","WGCNA_green",1041,921
"MDD_GSE98793","legacy_first_symbol_max_mean","WGCNA_purple",114,98
"MDD_GSE98793","legacy_first_symbol_max_mean","WGCNA_magenta",151,70
"MDD_GSE98793","legacy_first_symbol_max_mean","WGCNA_greenyellow",68,62
"MDD_GSE98793","legacy_first_symbol_max_mean","WGCNA_salmon",45,14
"MDD_GSE98793","legacy_first_symbol_max_mean","WGCNA_cyan",43,14
"MDD_GSE98793","legacy_first_symbol_max_mean","WGCNA_tan",48,13
"MDD_GSE98793","legacy_first_symbol_max_mean","WGCNA_lightcyan",35,9
"MDD_GSE98793","legacy_first_symbol_max_mean","WGCNA_midnightblue",40,8
"MDD_GSE98793","strict_max_iqr","hepatic_inflammatory_module",446,443
"MDD_GSE98793","strict_max_iqr","hepatic_complement_coagulation_module",76,73
"MDD_GSE98793","strict_max_iqr","hepatic_lipid_dysregulation_module",339,333
"MDD_GSE98793","strict_max_iqr","hepatic_ECM_fibrosis_module",345,345
"MDD_GSE98793","strict_max_iqr","hepatic_mitochondrial_dysfunction_module",252,249
"MDD_GSE98793","strict_max_iqr","hepatic_acute_phase_response_module",270,259
"MDD_GSE98793","strict_max_iqr","hepatic_endothelial_vascular_activation_module",82,81
"MDD_GSE98793","strict_max_iqr","hepatic_secretome_hepatokine_module",97,91
"MDD_GSE98793","strict_max_iqr","WGCNA_turquoise",5967,5652
"MDD_GSE98793","strict_max_iqr","WGCNA_red",1040,921
"MDD_GSE98793","strict_max_iqr","WGCNA_brown",1832,1573
"MDD_GSE98793","strict_max_iqr","WGCNA_yellow",1245,1192
"MDD_GSE98793","strict_max_iqr","WGCNA_blue",3342,2997
"MDD_GSE98793","strict_max_iqr","WGCNA_pink",825,751
"MDD_GSE98793","strict_max_iqr","WGCNA_black",1012,800
"MDD_GSE98793","strict_max_iqr","WGCNA_green",1041,921
"MDD_GSE98793","strict_max_iqr","WGCNA_purple",114,98
"MDD_GSE98793","strict_max_iqr","WGCNA_magenta",151,68
"MDD_GSE98793","strict_max_iqr","WGCNA_greenyellow",68,61
"MDD_GSE98793","strict_max_iqr","WGCNA_salmon",45,14
"MDD_GSE98793","strict_max_iqr","WGCNA_cyan",43,12
"MDD_GSE98793","strict_max_iqr","WGCNA_tan",48,15
"MDD_GSE98793","strict_max_iqr","WGCNA_lightcyan",35,9
"MDD_GSE98793","strict_max_iqr","WGCNA_midnightblue",40,7
"MDD_GSE98793","strict_max_mean","hepatic_inflammatory_module",446,443
"MDD_GSE98793","strict_max_mean","hepatic_complement_coagulation_module",76,73
"MDD_GSE98793","strict_max_mean","hepatic_lipid_dysregulation_module",339,333
"MDD_GSE98793","strict_max_mean","hepatic_ECM_fibrosis_module",345,345
"MDD_GSE98793","strict_max_mean","hepatic_mitochondrial_dysfunction_module",252,249
"MDD_GSE98793","strict_max_mean","hepatic_acute_phase_response_module",270,259
"MDD_GSE98793","strict_max_mean","hepatic_endothelial_vascular_activation_module",82,81
"MDD_GSE98793","strict_max_mean","hepatic_secretome_hepatokine_module",97,91
"MDD_GSE98793","strict_max_mean","WGCNA_turquoise",5967,5652
"MDD_GSE98793","strict_max_mean","WGCNA_red",1040,921
"MDD_GSE98793","strict_max_mean","WGCNA_brown",1832,1573
"MDD_GSE98793","strict_max_mean","WGCNA_yellow",1245,1192
"MDD_GSE98793","strict_max_mean","WGCNA_blue",3342,2997
"MDD_GSE98793","strict_max_mean","WGCNA_pink",825,751
"MDD_GSE98793","strict_max_mean","WGCNA_black",1012,800
"MDD_GSE98793","strict_max_mean","WGCNA_green",1041,921
"MDD_GSE98793","strict_max_mean","WGCNA_purple",114,98
"MDD_GSE98793","strict_max_mean","WGCNA_magenta",151,68
"MDD_GSE98793","strict_max_mean","WGCNA_greenyellow",68,61
"MDD_GSE98793","strict_max_mean","WGCNA_salmon",45,14
"MDD_GSE98793","strict_max_mean","WGCNA_cyan",43,12
"MDD_GSE98793","strict_max_mean","WGCNA_tan",48,15
"MDD_GSE98793","strict_max_mean","WGCNA_lightcyan",35,9
"MDD_GSE98793","strict_max_mean","WGCNA_midnightblue",40,7
"MDD_GSE98793","strict_median","hepatic_inflammatory_module",446,443
"MDD_GSE98793","strict_median","hepatic_complement_coagulation_module",76,73
"MDD_GSE98793","strict_median","hepatic_lipid_dysregulation_module",339,333
"MDD_GSE98793","strict_median","hepatic_ECM_fibrosis_module",345,345
"MDD_GSE98793","strict_median","hepatic_mitochondrial_dysfunction_module",252,249
"MDD_GSE98793","strict_median","hepatic_acute_phase_response_module",270,259
"MDD_GSE98793","strict_median","hepatic_endothelial_vascular_activation_module",82,81
"MDD_GSE98793","strict_median","hepatic_secretome_hepatokine_module",97,91
"MDD_GSE98793","strict_median","WGCNA_turquoise",5967,5652
"MDD_GSE98793","strict_median","WGCNA_red",1040,921
"MDD_GSE98793","strict_median","WGCNA_brown",1832,1573
"MDD_GSE98793","strict_median","WGCNA_yellow",1245,1192
"MDD_GSE98793","strict_median","WGCNA_blue",3342,2997
"MDD_GSE98793","strict_median","WGCNA_pink",825,751
"MDD_GSE98793","strict_median","WGCNA_black",1012,800
"MDD_GSE98793","strict_median","WGCNA_green",1041,921
"MDD_GSE98793","strict_median","WGCNA_purple",114,98
"MDD_GSE98793","strict_median","WGCNA_magenta",151,68
"MDD_GSE98793","strict_median","WGCNA_greenyellow",68,61
"MDD_GSE98793","strict_median","WGCNA_salmon",45,14
"MDD_GSE98793","strict_median","WGCNA_cyan",43,12
"MDD_GSE98793","strict_median","WGCNA_tan",48,15
"MDD_GSE98793","strict_median","WGCNA_lightcyan",35,9
"MDD_GSE98793","strict_median","WGCNA_midnightblue",40,7
"AD_GSE48350","legacy_first_symbol_max_mean","hepatic_inflammatory_module",446,445
"AD_GSE48350","legacy_first_symbol_max_mean","hepatic_complement_coagulation_module",76,75
"AD_GSE48350","legacy_first_symbol_max_mean","hepatic_lipid_dysregulation_module",339,336
"AD_GSE48350","legacy_first_symbol_max_mean","hepatic_ECM_fibrosis_module",345,345
"AD_GSE48350","legacy_first_symbol_max_mean","hepatic_mitochondrial_dysfunction_module",252,251
"AD_GSE48350","legacy_first_symbol_max_mean","hepatic_acute_phase_response_module",270,265
"AD_GSE48350","legacy_first_symbol_max_mean","hepatic_endothelial_vascular_activation_module",82,82
"AD_GSE48350","legacy_first_symbol_max_mean","hepatic_secretome_hepatokine_module",97,96
"AD_GSE48350","legacy_first_symbol_max_mean","WGCNA_turquoise",5967,5648
"AD_GSE48350","legacy_first_symbol_max_mean","WGCNA_red",1040,933
"AD_GSE48350","legacy_first_symbol_max_mean","WGCNA_brown",1832,1600
"AD_GSE48350","legacy_first_symbol_max_mean","WGCNA_yellow",1245,1194
"AD_GSE48350","legacy_first_symbol_max_mean","WGCNA_blue",3342,3029
"AD_GSE48350","legacy_first_symbol_max_mean","WGCNA_pink",825,756
"AD_GSE48350","legacy_first_symbol_max_mean","WGCNA_black",1012,802
"AD_GSE48350","legacy_first_symbol_max_mean","WGCNA_green",1041,921
"AD_GSE48350","legacy_first_symbol_max_mean","WGCNA_purple",114,98
"AD_GSE48350","legacy_first_symbol_max_mean","WGCNA_magenta",151,70
"AD_GSE48350","legacy_first_symbol_max_mean","WGCNA_greenyellow",68,62
"AD_GSE48350","legacy_first_symbol_max_mean","WGCNA_salmon",45,14
"AD_GSE48350","legacy_first_symbol_max_mean","WGCNA_cyan",43,14
"AD_GSE48350","legacy_first_symbol_max_mean","WGCNA_tan",48,13
"AD_GSE48350","legacy_first_symbol_max_mean","WGCNA_lightcyan",35,9
"AD_GSE48350","legacy_first_symbol_max_mean","WGCNA_midnightblue",40,8
"AD_GSE48350","strict_max_iqr","hepatic_inflammatory_module",446,443
"AD_GSE48350","strict_max_iqr","hepatic_complement_coagulation_module",76,73
"AD_GSE48350","strict_max_iqr","hepatic_lipid_dysregulation_module",339,333
"AD_GSE48350","strict_max_iqr","hepatic_ECM_fibrosis_module",345,345
"AD_GSE48350","strict_max_iqr","hepatic_mitochondrial_dysfunction_module",252,249
"AD_GSE48350","strict_max_iqr","hepatic_acute_phase_response_module",270,259
"AD_GSE48350","strict_max_iqr","hepatic_endothelial_vascular_activation_module",82,81
"AD_GSE48350","strict_max_iqr","hepatic_secretome_hepatokine_module",97,91
"AD_GSE48350","strict_max_iqr","WGCNA_turquoise",5967,5652
"AD_GSE48350","strict_max_iqr","WGCNA_red",1040,921
"AD_GSE48350","strict_max_iqr","WGCNA_brown",1832,1573
"AD_GSE48350","strict_max_iqr","WGCNA_yellow",1245,1192
"AD_GSE48350","strict_max_iqr","WGCNA_blue",3342,2997
"AD_GSE48350","strict_max_iqr","WGCNA_pink",825,751
"AD_GSE48350","strict_max_iqr","WGCNA_black",1012,800
"AD_GSE48350","strict_max_iqr","WGCNA_green",1041,921
"AD_GSE48350","strict_max_iqr","WGCNA_purple",114,98
"AD_GSE48350","strict_max_iqr","WGCNA_magenta",151,68
"AD_GSE48350","strict_max_iqr","WGCNA_greenyellow",68,61
"AD_GSE48350","strict_max_iqr","WGCNA_salmon",45,14
"AD_GSE48350","strict_max_iqr","WGCNA_cyan",43,12
"AD_GSE48350","strict_max_iqr","WGCNA_tan",48,15
"AD_GSE48350","strict_max_iqr","WGCNA_lightcyan",35,9
"AD_GSE48350","strict_max_iqr","WGCNA_midnightblue",40,7
"AD_GSE48350","strict_max_mean","hepatic_inflammatory_module",446,443
"AD_GSE48350","strict_max_mean","hepatic_complement_coagulation_module",76,73
"AD_GSE48350","strict_max_mean","hepatic_lipid_dysregulation_module",339,333
"AD_GSE48350","strict_max_mean","hepatic_ECM_fibrosis_module",345,345
"AD_GSE48350","strict_max_mean","hepatic_mitochondrial_dysfunction_module",252,249
"AD_GSE48350","strict_max_mean","hepatic_acute_phase_response_module",270,259
"AD_GSE48350","strict_max_mean","hepatic_endothelial_vascular_activation_module",82,81
"AD_GSE48350","strict_max_mean","hepatic_secretome_hepatokine_module",97,91
"AD_GSE48350","strict_max_mean","WGCNA_turquoise",5967,5652
"AD_GSE48350","strict_max_mean","WGCNA_red",1040,921
"AD_GSE48350","strict_max_mean","WGCNA_brown",1832,1573
"AD_GSE48350","strict_max_mean","WGCNA_yellow",1245,1192
"AD_GSE48350","strict_max_mean","WGCNA_blue",3342,2997
"AD_GSE48350","strict_max_mean","WGCNA_pink",825,751
"AD_GSE48350","strict_max_mean","WGCNA_black",1012,800
"AD_GSE48350","strict_max_mean","WGCNA_green",1041,921
"AD_GSE48350","strict_max_mean","WGCNA_purple",114,98
"AD_GSE48350","strict_max_mean","WGCNA_magenta",151,68
"AD_GSE48350","strict_max_mean","WGCNA_greenyellow",68,61
"AD_GSE48350","strict_max_mean","WGCNA_salmon",45,14
"AD_GSE48350","strict_max_mean","WGCNA_cyan",43,12
"AD_GSE48350","strict_max_mean","WGCNA_tan",48,15
"AD_GSE48350","strict_max_mean","WGCNA_lightcyan",35,9
"AD_GSE48350","strict_max_mean","WGCNA_midnightblue",40,7
"AD_GSE48350","strict_median","hepatic_inflammatory_module",446,443
"AD_GSE48350","strict_median","hepatic_complement_coagulation_module",76,73
"AD_GSE48350","strict_median","hepatic_lipid_dysregulation_module",339,333
"AD_GSE48350","strict_median","hepatic_ECM_fibrosis_module",345,345
"AD_GSE48350","strict_median","hepatic_mitochondrial_dysfunction_module",252,249
"AD_GSE48350","strict_median","hepatic_acute_phase_response_module",270,259
"AD_GSE48350","strict_median","hepatic_endothelial_vascular_activation_module",82,81
"AD_GSE48350","strict_median","hepatic_secretome_hepatokine_module",97,91
"AD_GSE48350","strict_median","WGCNA_turquoise",5967,5652
"AD_GSE48350","strict_median","WGCNA_red",1040,921
"AD_GSE48350","strict_median","WGCNA_brown",1832,1573
"AD_GSE48350","strict_median","WGCNA_yellow",1245,1192
"AD_GSE48350","strict_median","WGCNA_blue",3342,2997
"AD_GSE48350","strict_median","WGCNA_pink",825,751
"AD_GSE48350","strict_median","WGCNA_black",1012,800
"AD_GSE48350","strict_median","WGCNA_green",1041,921
"AD_GSE48350","strict_median","WGCNA_purple",114,98
"AD_GSE48350","strict_median","WGCNA_magenta",151,68
"AD_GSE48350","strict_median","WGCNA_greenyellow",68,61
"AD_GSE48350","strict_median","WGCNA_salmon",45,14
"AD_GSE48350","strict_median","WGCNA_cyan",43,12
"AD_GSE48350","strict_median","WGCNA_tan",48,15
"AD_GSE48350","strict_median","WGCNA_lightcyan",35,9
"AD_GSE48350","strict_median","WGCNA_midnightblue",40,7
"AD_GSE5281","legacy_first_symbol_max_mean","hepatic_inflammatory_module",446,445
"AD_GSE5281","legacy_first_symbol_max_mean","hepatic_complement_coagulation_module",76,75
"AD_GSE5281","legacy_first_symbol_max_mean","hepatic_lipid_dysregulation_module",339,336
"AD_GSE5281","legacy_first_symbol_max_mean","hepatic_ECM_fibrosis_module",345,345
"AD_GSE5281","legacy_first_symbol_max_mean","hepatic_mitochondrial_dysfunction_module",252,251
"AD_GSE5281","legacy_first_symbol_max_mean","hepatic_acute_phase_response_module",270,265
"AD_GSE5281","legacy_first_symbol_max_mean","hepatic_endothelial_vascular_activation_module",82,82
"AD_GSE5281","legacy_first_symbol_max_mean","hepatic_secretome_hepatokine_module",97,96
"AD_GSE5281","legacy_first_symbol_max_mean","WGCNA_turquoise",5967,5648
"AD_GSE5281","legacy_first_symbol_max_mean","WGCNA_red",1040,933
"AD_GSE5281","legacy_first_symbol_max_mean","WGCNA_brown",1832,1600
"AD_GSE5281","legacy_first_symbol_max_mean","WGCNA_yellow",1245,1194
"AD_GSE5281","legacy_first_symbol_max_mean","WGCNA_blue",3342,3029
"AD_GSE5281","legacy_first_symbol_max_mean","WGCNA_pink",825,756
"AD_GSE5281","legacy_first_symbol_max_mean","WGCNA_black",1012,802
"AD_GSE5281","legacy_first_symbol_max_mean","WGCNA_green",1041,921
"AD_GSE5281","legacy_first_symbol_max_mean","WGCNA_purple",114,98
"AD_GSE5281","legacy_first_symbol_max_mean","WGCNA_magenta",151,70
"AD_GSE5281","legacy_first_symbol_max_mean","WGCNA_greenyellow",68,62
"AD_GSE5281","legacy_first_symbol_max_mean","WGCNA_salmon",45,14
"AD_GSE5281","legacy_first_symbol_max_mean","WGCNA_cyan",43,14
"AD_GSE5281","legacy_first_symbol_max_mean","WGCNA_tan",48,13
"AD_GSE5281","legacy_first_symbol_max_mean","WGCNA_lightcyan",35,9
"AD_GSE5281","legacy_first_symbol_max_mean","WGCNA_midnightblue",40,8
"AD_GSE5281","strict_max_iqr","hepatic_inflammatory_module",446,443
"AD_GSE5281","strict_max_iqr","hepatic_complement_coagulation_module",76,73
"AD_GSE5281","strict_max_iqr","hepatic_lipid_dysregulation_module",339,333
"AD_GSE5281","strict_max_iqr","hepatic_ECM_fibrosis_module",345,345
"AD_GSE5281","strict_max_iqr","hepatic_mitochondrial_dysfunction_module",252,249
"AD_GSE5281","strict_max_iqr","hepatic_acute_phase_response_module",270,259
"AD_GSE5281","strict_max_iqr","hepatic_endothelial_vascular_activation_module",82,81
"AD_GSE5281","strict_max_iqr","hepatic_secretome_hepatokine_module",97,91
"AD_GSE5281","strict_max_iqr","WGCNA_turquoise",5967,5652
"AD_GSE5281","strict_max_iqr","WGCNA_red",1040,921
"AD_GSE5281","strict_max_iqr","WGCNA_brown",1832,1573
"AD_GSE5281","strict_max_iqr","WGCNA_yellow",1245,1192
"AD_GSE5281","strict_max_iqr","WGCNA_blue",3342,2997
"AD_GSE5281","strict_max_iqr","WGCNA_pink",825,751
"AD_GSE5281","strict_max_iqr","WGCNA_black",1012,800
"AD_GSE5281","strict_max_iqr","WGCNA_green",1041,921
"AD_GSE5281","strict_max_iqr","WGCNA_purple",114,98
"AD_GSE5281","strict_max_iqr","WGCNA_magenta",151,68
"AD_GSE5281","strict_max_iqr","WGCNA_greenyellow",68,61
"AD_GSE5281","strict_max_iqr","WGCNA_salmon",45,14
"AD_GSE5281","strict_max_iqr","WGCNA_cyan",43,12
"AD_GSE5281","strict_max_iqr","WGCNA_tan",48,15
"AD_GSE5281","strict_max_iqr","WGCNA_lightcyan",35,9
"AD_GSE5281","strict_max_iqr","WGCNA_midnightblue",40,7
"AD_GSE5281","strict_max_mean","hepatic_inflammatory_module",446,443
"AD_GSE5281","strict_max_mean","hepatic_complement_coagulation_module",76,73
"AD_GSE5281","strict_max_mean","hepatic_lipid_dysregulation_module",339,333
"AD_GSE5281","strict_max_mean","hepatic_ECM_fibrosis_module",345,345
"AD_GSE5281","strict_max_mean","hepatic_mitochondrial_dysfunction_module",252,249
"AD_GSE5281","strict_max_mean","hepatic_acute_phase_response_module",270,259
"AD_GSE5281","strict_max_mean","hepatic_endothelial_vascular_activation_module",82,81
"AD_GSE5281","strict_max_mean","hepatic_secretome_hepatokine_module",97,91
"AD_GSE5281","strict_max_mean","WGCNA_turquoise",5967,5652
"AD_GSE5281","strict_max_mean","WGCNA_red",1040,921
"AD_GSE5281","strict_max_mean","WGCNA_brown",1832,1573
"AD_GSE5281","strict_max_mean","WGCNA_yellow",1245,1192
"AD_GSE5281","strict_max_mean","WGCNA_blue",3342,2997
"AD_GSE5281","strict_max_mean","WGCNA_pink",825,751
"AD_GSE5281","strict_max_mean","WGCNA_black",1012,800
"AD_GSE5281","strict_max_mean","WGCNA_green",1041,921
"AD_GSE5281","strict_max_mean","WGCNA_purple",114,98
"AD_GSE5281","strict_max_mean","WGCNA_magenta",151,68
"AD_GSE5281","strict_max_mean","WGCNA_greenyellow",68,61
"AD_GSE5281","strict_max_mean","WGCNA_salmon",45,14
"AD_GSE5281","strict_max_mean","WGCNA_cyan",43,12
"AD_GSE5281","strict_max_mean","WGCNA_tan",48,15
"AD_GSE5281","strict_max_mean","WGCNA_lightcyan",35,9
"AD_GSE5281","strict_max_mean","WGCNA_midnightblue",40,7
"AD_GSE5281","strict_median","hepatic_inflammatory_module",446,443
"AD_GSE5281","strict_median","hepatic_complement_coagulation_module",76,73
"AD_GSE5281","strict_median","hepatic_lipid_dysregulation_module",339,333
"AD_GSE5281","strict_median","hepatic_ECM_fibrosis_module",345,345
"AD_GSE5281","strict_median","hepatic_mitochondrial_dysfunction_module",252,249
"AD_GSE5281","strict_median","hepatic_acute_phase_response_module",270,259
"AD_GSE5281","strict_median","hepatic_endothelial_vascular_activation_module",82,81
"AD_GSE5281","strict_median","hepatic_secretome_hepatokine_module",97,91
"AD_GSE5281","strict_median","WGCNA_turquoise",5967,5652
"AD_GSE5281","strict_median","WGCNA_red",1040,921
"AD_GSE5281","strict_median","WGCNA_brown",1832,1573
"AD_GSE5281","strict_median","WGCNA_yellow",1245,1192
"AD_GSE5281","strict_median","WGCNA_blue",3342,2997
"AD_GSE5281","strict_median","WGCNA_pink",825,751
"AD_GSE5281","strict_median","WGCNA_black",1012,800
"AD_GSE5281","strict_median","WGCNA_green",1041,921
"AD_GSE5281","strict_median","WGCNA_purple",114,98
"AD_GSE5281","strict_median","WGCNA_magenta",151,68
"AD_GSE5281","strict_median","WGCNA_greenyellow",68,61
"AD_GSE5281","strict_median","WGCNA_salmon",45,14
"AD_GSE5281","strict_median","WGCNA_cyan",43,12
"AD_GSE5281","strict_median","WGCNA_tan",48,15
"AD_GSE5281","strict_median","WGCNA_lightcyan",35,9
"AD_GSE5281","strict_median","WGCNA_midnightblue",40,7
"AD_GSE33000","legacy_first_symbol_max_mean","hepatic_inflammatory_module",446,413
"AD_GSE33000","legacy_first_symbol_max_mean","hepatic_complement_coagulation_module",76,75
"AD_GSE33000","legacy_first_symbol_max_mean","hepatic_lipid_dysregulation_module",339,317
"AD_GSE33000","legacy_first_symbol_max_mean","hepatic_ECM_fibrosis_module",345,324
"AD_GSE33000","legacy_first_symbol_max_mean","hepatic_mitochondrial_dysfunction_module",252,219
"AD_GSE33000","legacy_first_symbol_max_mean","hepatic_acute_phase_response_module",270,260
"AD_GSE33000","legacy_first_symbol_max_mean","hepatic_endothelial_vascular_activation_module",82,76
"AD_GSE33000","legacy_first_symbol_max_mean","hepatic_secretome_hepatokine_module",97,93
"AD_GSE33000","legacy_first_symbol_max_mean","WGCNA_turquoise",5967,4064
"AD_GSE33000","legacy_first_symbol_max_mean","WGCNA_red",1040,750
"AD_GSE33000","legacy_first_symbol_max_mean","WGCNA_brown",1832,1163
"AD_GSE33000","legacy_first_symbol_max_mean","WGCNA_yellow",1245,909
"AD_GSE33000","legacy_first_symbol_max_mean","WGCNA_blue",3342,2103
"AD_GSE33000","legacy_first_symbol_max_mean","WGCNA_pink",825,566
"AD_GSE33000","legacy_first_symbol_max_mean","WGCNA_black",1012,448
"AD_GSE33000","legacy_first_symbol_max_mean","WGCNA_green",1041,632
"AD_GSE33000","legacy_first_symbol_max_mean","WGCNA_purple",114,75
"AD_GSE33000","legacy_first_symbol_max_mean","WGCNA_magenta",151,43
"AD_GSE33000","legacy_first_symbol_max_mean","WGCNA_greenyellow",68,53
"AD_GSE33000","legacy_first_symbol_max_mean","WGCNA_salmon",45,6
"AD_GSE33000","legacy_first_symbol_max_mean","WGCNA_cyan",43,6
"AD_GSE33000","legacy_first_symbol_max_mean","WGCNA_tan",48,10
"AD_GSE33000","legacy_first_symbol_max_mean","WGCNA_lightcyan",35,6
"AD_GSE33000","legacy_first_symbol_max_mean","WGCNA_midnightblue",40,2
"AD_GSE33000","strict_max_iqr","hepatic_inflammatory_module",446,446
"AD_GSE33000","strict_max_iqr","hepatic_complement_coagulation_module",76,76
"AD_GSE33000","strict_max_iqr","hepatic_lipid_dysregulation_module",339,336
"AD_GSE33000","strict_max_iqr","hepatic_ECM_fibrosis_module",345,343
"AD_GSE33000","strict_max_iqr","hepatic_mitochondrial_dysfunction_module",252,252
"AD_GSE33000","strict_max_iqr","hepatic_acute_phase_response_module",270,270
"AD_GSE33000","strict_max_iqr","hepatic_endothelial_vascular_activation_module",82,82
"AD_GSE33000","strict_max_iqr","hepatic_secretome_hepatokine_module",97,97
"AD_GSE33000","strict_max_iqr","WGCNA_turquoise",5967,5564
"AD_GSE33000","strict_max_iqr","WGCNA_red",1040,901
"AD_GSE33000","strict_max_iqr","WGCNA_brown",1832,1586
"AD_GSE33000","strict_max_iqr","WGCNA_yellow",1245,1184
"AD_GSE33000","strict_max_iqr","WGCNA_blue",3342,2907
"AD_GSE33000","strict_max_iqr","WGCNA_pink",825,732
"AD_GSE33000","strict_max_iqr","WGCNA_black",1012,716
"AD_GSE33000","strict_max_iqr","WGCNA_green",1041,887
"AD_GSE33000","strict_max_iqr","WGCNA_purple",114,98
"AD_GSE33000","strict_max_iqr","WGCNA_magenta",151,61
"AD_GSE33000","strict_max_iqr","WGCNA_greenyellow",68,61
"AD_GSE33000","strict_max_iqr","WGCNA_salmon",45,13
"AD_GSE33000","strict_max_iqr","WGCNA_cyan",43,11
"AD_GSE33000","strict_max_iqr","WGCNA_tan",48,16
"AD_GSE33000","strict_max_iqr","WGCNA_lightcyan",35,11
"AD_GSE33000","strict_max_iqr","WGCNA_midnightblue",40,5
"AD_GSE33000","strict_max_mean","hepatic_inflammatory_module",446,446
"AD_GSE33000","strict_max_mean","hepatic_complement_coagulation_module",76,76
"AD_GSE33000","strict_max_mean","hepatic_lipid_dysregulation_module",339,336
"AD_GSE33000","strict_max_mean","hepatic_ECM_fibrosis_module",345,343
"AD_GSE33000","strict_max_mean","hepatic_mitochondrial_dysfunction_module",252,252
"AD_GSE33000","strict_max_mean","hepatic_acute_phase_response_module",270,270
"AD_GSE33000","strict_max_mean","hepatic_endothelial_vascular_activation_module",82,82
"AD_GSE33000","strict_max_mean","hepatic_secretome_hepatokine_module",97,97
"AD_GSE33000","strict_max_mean","WGCNA_turquoise",5967,5564
"AD_GSE33000","strict_max_mean","WGCNA_red",1040,901
"AD_GSE33000","strict_max_mean","WGCNA_brown",1832,1586
"AD_GSE33000","strict_max_mean","WGCNA_yellow",1245,1184
"AD_GSE33000","strict_max_mean","WGCNA_blue",3342,2907
"AD_GSE33000","strict_max_mean","WGCNA_pink",825,732
"AD_GSE33000","strict_max_mean","WGCNA_black",1012,716
"AD_GSE33000","strict_max_mean","WGCNA_green",1041,887
"AD_GSE33000","strict_max_mean","WGCNA_purple",114,98
"AD_GSE33000","strict_max_mean","WGCNA_magenta",151,61
"AD_GSE33000","strict_max_mean","WGCNA_greenyellow",68,61
"AD_GSE33000","strict_max_mean","WGCNA_salmon",45,13
"AD_GSE33000","strict_max_mean","WGCNA_cyan",43,11
"AD_GSE33000","strict_max_mean","WGCNA_tan",48,16
"AD_GSE33000","strict_max_mean","WGCNA_lightcyan",35,11
"AD_GSE33000","strict_max_mean","WGCNA_midnightblue",40,5
"AD_GSE33000","strict_median","hepatic_inflammatory_module",446,446
"AD_GSE33000","strict_median","hepatic_complement_coagulation_module",76,76
"AD_GSE33000","strict_median","hepatic_lipid_dysregulation_module",339,336
"AD_GSE33000","strict_median","hepatic_ECM_fibrosis_module",345,343
"AD_GSE33000","strict_median","hepatic_mitochondrial_dysfunction_module",252,252
"AD_GSE33000","strict_median","hepatic_acute_phase_response_module",270,270
"AD_GSE33000","strict_median","hepatic_endothelial_vascular_activation_module",82,82
"AD_GSE33000","strict_median","hepatic_secretome_hepatokine_module",97,97
"AD_GSE33000","strict_median","WGCNA_turquoise",5967,5564
"AD_GSE33000","strict_median","WGCNA_red",1040,901
"AD_GSE33000","strict_median","WGCNA_brown",1832,1586
"AD_GSE33000","strict_median","WGCNA_yellow",1245,1184
"AD_GSE33000","strict_median","WGCNA_blue",3342,2907
"AD_GSE33000","strict_median","WGCNA_pink",825,732
"AD_GSE33000","strict_median","WGCNA_black",1012,716
"AD_GSE33000","strict_median","WGCNA_green",1041,887
"AD_GSE33000","strict_median","WGCNA_purple",114,98
"AD_GSE33000","strict_median","WGCNA_magenta",151,61
"AD_GSE33000","strict_median","WGCNA_greenyellow",68,61
"AD_GSE33000","strict_median","WGCNA_salmon",45,13
"AD_GSE33000","strict_median","WGCNA_cyan",43,11
"AD_GSE33000","strict_median","WGCNA_tan",48,16
"AD_GSE33000","strict_median","WGCNA_lightcyan",35,11
"AD_GSE33000","strict_median","WGCNA_midnightblue",40,5
