"dataset_id","module","comparison_mapping","beta_legacy","SE_legacy","P_legacy","BH_FDR_legacy","beta_comparator","SE_comparator","P_comparator","BH_FDR_comparator","sample_n","formula","module_score_correlation","FDR_status_change"
"MDD_GSE98793","hepatic_acute_phase_response_module","strict_max_iqr",0.412537540875684,0.150549437191841,0.00672532452974624,0.0402475022370558,0.400606292871221,0.150718927985907,0.00853109671035107,0.0511865802621064,192,"score_z ~ diagnosis",0.922813629592925,TRUE
"MDD_GSE98793","hepatic_complement_coagulation_module","strict_max_iqr",0.534232636873973,0.148521803993797,0.000410413122447215,0.00984991493873317,0.56067024619781,0.148008025654167,0.000203600167083829,0.00488640401001188,192,"score_z ~ diagnosis",0.94121325201133,FALSE
"MDD_GSE98793","hepatic_ECM_fibrosis_module","strict_max_iqr",0.416659523326082,0.150489680387965,0.00618578821376565,0.0402475022370558,0.428647349407627,0.150312375612743,0.00482957956991865,0.0386366365593492,192,"score_z ~ diagnosis",0.936195306993329,FALSE
"MDD_GSE98793","hepatic_endothelial_vascular_activation_module","strict_max_iqr",0.428352126822697,0.150316805017839,0.00485948006623194,0.0402475022370558,0.434594625945961,0.150222466802071,0.00426137160467766,0.0386366365593492,192,"score_z ~ diagnosis",0.950530445276212,FALSE
"MDD_GSE98793","hepatic_inflammatory_module","strict_max_iqr",0.34287034872036,0.151466557433931,0.0247247298549351,0.0988989194197405,0.322591590504784,0.151700833806396,0.0347523693153258,0.139009477261303,192,"score_z ~ diagnosis",0.932341817698289,FALSE
"MDD_GSE98793","hepatic_lipid_dysregulation_module","strict_max_iqr",0.0932523382012657,0.153346297149879,0.543836766354142,0.794831912374156,0.201782148638893,0.15279581257163,0.188223262620718,0.501928700321915,192,"score_z ~ diagnosis",0.958765112279958,FALSE
"MDD_GSE98793","hepatic_mitochondrial_dysfunction_module","strict_max_iqr",-0.0814268557993789,0.153381741985472,0.596123934280617,0.794831912374156,-0.0933133360722891,0.153346101855472,0.543573038410067,0.652287646092081,192,"score_z ~ diagnosis",0.971192936967771,FALSE
"MDD_GSE98793","hepatic_secretome_hepatokine_module","strict_max_iqr",0.401484128462705,0.150706633713397,0.00838489629938662,0.0402475022370558,0.384524556409056,0.15093922383596,0.011640075546019,0.055872362620891,192,"score_z ~ diagnosis",0.945372366621462,TRUE
"MDD_GSE98793","WGCNA_black","strict_max_iqr",-0.290645575415922,0.15204029330015,0.0574278428887376,0.196895461332815,-0.261396936133548,0.152319507369075,0.0877719421831023,0.294003991664016,192,"score_z ~ diagnosis",0.975383641112371,FALSE
"MDD_GSE98793","WGCNA_blue","strict_max_iqr",0.0897548058646816,0.153357281069304,0.559063305215665,0.794831912374156,0.093764218680793,0.153344654314445,0.541625581035443,0.652287646092081,192,"score_z ~ diagnosis",0.996376556431256,FALSE
"MDD_GSE98793","WGCNA_brown","strict_max_iqr",0.0284703826544015,0.153481559621164,0.853037036903945,0.930585858440667,-0.0741416596193708,0.153401185652264,0.62942596493696,0.671013955114732,192,"score_z ~ diagnosis",0.978028876434895,FALSE
"MDD_GSE98793","WGCNA_cyan","strict_max_iqr",0.018847760183386,0.153489366371541,0.902399051626904,0.941633793001987,0.0820111946403744,0.153380103423071,0.593487647350714,0.671013955114732,192,"score_z ~ diagnosis",0.38385799772497,FALSE
"MDD_GSE98793","WGCNA_green","strict_max_iqr",-0.102976395752241,0.153313548031784,0.502608465391279,0.794831912374156,-0.102071575204469,0.153316732590709,0.506374347079897,0.652287646092081,192,"score_z ~ diagnosis",0.995843742076788,FALSE
"MDD_GSE98793","WGCNA_greenyellow","strict_max_iqr",0.0714647009545786,0.153407872173591,0.64185811241149,0.810768141993461,0.0996849489943102,0.153324997291512,0.516377714383095,0.652287646092081,192,"score_z ~ diagnosis",0.97402645710887,FALSE
"MDD_GSE98793","WGCNA_lightcyan","strict_max_iqr",0.000813780269099875,0.153495445462375,0.995775471532465,0.995775471532465,0.149224633431561,0.153113210760384,0.330996283206395,0.567763989878646,192,"score_z ~ diagnosis",0.91933411735143,FALSE
"MDD_GSE98793","WGCNA_magenta","strict_max_iqr",0.138178668175293,0.153167764158013,0.36812505346463,0.679615483319318,0.149163271741127,0.153113525449574,0.331195660762543,0.567763989878646,192,"score_z ~ diagnosis",0.979546882932668,FALSE
"MDD_GSE98793","WGCNA_midnightblue","strict_max_iqr",0.154549828724256,0.153085405307338,0.313987189643586,0.679615483319318,0.253395089696434,0.152390658446219,0.098001330554672,0.294003991664016,192,"score_z ~ diagnosis",0.85959153424327,FALSE
"MDD_GSE98793","WGCNA_pink","strict_max_iqr",0.179132381370027,0.152944332665339,0.242974666983143,0.583139200759544,0.178101577820318,0.152950668482872,0.245706544007921,0.536087005108191,192,"score_z ~ diagnosis",0.984178433454612,FALSE
"MDD_GSE98793","WGCNA_purple","strict_max_iqr",0.217084600281635,0.152685379583408,0.156730327148747,0.470190981446242,0.16676884788657,0.153017898013591,0.27715294132407,0.554305882648139,192,"score_z ~ diagnosis",0.965809161164688,FALSE
"MDD_GSE98793","WGCNA_red","strict_max_iqr",0.182818406138013,0.152921375229184,0.233379403045811,0.583139200759544,0.186204500819064,0.152899870639075,0.224802642886638,0.536087005108191,192,"score_z ~ diagnosis",0.969641717387193,FALSE
"MDD_GSE98793","WGCNA_salmon","strict_max_iqr",0.0386480155843001,0.1534698467022,0.801446141857837,0.930585858440667,0.0712081172760904,0.15340850014249,0.643055040318285,0.671013955114732,192,"score_z ~ diagnosis",0.978281206896079,FALSE
"MDD_GSE98793","WGCNA_tan","strict_max_iqr",-0.0308012401259634,0.15347919083375,0.841158180568448,0.930585858440667,-0.04939205819101,0.15345362619556,0.747905322362626,0.747905322362626,192,"score_z ~ diagnosis",0.944812100765002,FALSE
"MDD_GSE98793","WGCNA_turquoise","strict_max_iqr",-0.0864852473677646,0.153367168688459,0.573480527722459,0.794831912374156,-0.0961275246447727,0.153336952648076,0.53147482368793,0.652287646092081,192,"score_z ~ diagnosis",0.985850326324429,FALSE
"MDD_GSE98793","WGCNA_yellow","strict_max_iqr",0.13888801671483,0.153164387416593,0.365666152022016,0.679615483319318,0.120444971549833,0.153246542140578,0.432872600415759,0.652287646092081,192,"score_z ~ diagnosis",0.989060298938899,FALSE
"MDD_GSE98793","hepatic_acute_phase_response_module","strict_max_mean",0.412537540875684,0.150549437191841,0.00672532452974624,0.0402475022370558,0.383602404267633,0.15095157284514,0.0118453143723246,0.056857508987158,192,"score_z ~ diagnosis",0.994498243206526,TRUE
"MDD_GSE98793","hepatic_complement_coagulation_module","strict_max_mean",0.534232636873973,0.148521803993797,0.000410413122447215,0.00984991493873317,0.538350894207224,0.148443517784167,0.000368795864695587,0.0088511007526941,192,"score_z ~ diagnosis",0.989129141330387,FALSE
"MDD_GSE98793","hepatic_ECM_fibrosis_module","strict_max_mean",0.416659523326082,0.150489680387965,0.00618578821376565,0.0402475022370558,0.423380114982387,0.150390925297294,0.00538863891509242,0.0431091113207394,192,"score_z ~ diagnosis",0.998568816848,FALSE
"MDD_GSE98793","hepatic_endothelial_vascular_activation_module","strict_max_mean",0.428352126822697,0.150316805017839,0.00485948006623194,0.0402475022370558,0.428456698556915,0.150315236428081,0.00484886996615805,0.0431091113207394,192,"score_z ~ diagnosis",0.999766780231284,FALSE
"MDD_GSE98793","hepatic_inflammatory_module","strict_max_mean",0.34287034872036,0.151466557433931,0.0247247298549351,0.0988989194197405,0.334038171678449,0.151570393579348,0.028736508035992,0.114946032143968,192,"score_z ~ diagnosis",0.999331328842544,FALSE
"MDD_GSE98793","hepatic_lipid_dysregulation_module","strict_max_mean",0.0932523382012657,0.153346297149879,0.543836766354142,0.794831912374156,0.093352912537888,0.153345975076668,0.543401960974121,0.74200049021603,192,"score_z ~ diagnosis",0.998790982687099,FALSE
"MDD_GSE98793","hepatic_mitochondrial_dysfunction_module","strict_max_mean",-0.0814268557993789,0.153381741985472,0.596123934280617,0.794831912374156,-0.0833612646039732,0.153376272774947,0.587417054754357,0.74200049021603,192,"score_z ~ diagnosis",0.999822372317038,FALSE
"MDD_GSE98793","hepatic_secretome_hepatokine_module","strict_max_mean",0.401484128462705,0.150706633713397,0.00838489629938662,0.0402475022370558,0.402478528826031,0.150692673202851,0.00822197183417149,0.0493318310050289,192,"score_z ~ diagnosis",0.993231697597099,FALSE
"MDD_GSE98793","WGCNA_black","strict_max_mean",-0.290645575415922,0.15204029330015,0.0574278428887376,0.196895461332815,-0.2855413237757,0.15209118892809,0.061990929341929,0.212540329172328,192,"score_z ~ diagnosis",0.997933864913274,FALSE
"MDD_GSE98793","WGCNA_blue","strict_max_mean",0.0897548058646816,0.153357281069304,0.559063305215665,0.794831912374156,0.0903528895324263,0.153355432614515,0.556445049732096,0.74200049021603,192,"score_z ~ diagnosis",0.999936157893568,FALSE
"MDD_GSE98793","WGCNA_brown","strict_max_mean",0.0284703826544015,0.153481559621164,0.853037036903945,0.930585858440667,0.0176842517041049,0.153490095124317,0.908396946562833,0.947892465978608,192,"score_z ~ diagnosis",0.998881691496042,FALSE
"MDD_GSE98793","WGCNA_cyan","strict_max_mean",0.018847760183386,0.153489366371541,0.902399051626904,0.941633793001987,0.0417331114196092,0.153465594419679,0.785965038496351,0.896061372470519,192,"score_z ~ diagnosis",0.535232079110056,FALSE
"MDD_GSE98793","WGCNA_green","strict_max_mean",-0.102976395752241,0.153313548031784,0.502608465391279,0.794831912374156,-0.11039938527208,0.153286358711426,0.472276707356951,0.74200049021603,192,"score_z ~ diagnosis",0.999874074359677,FALSE
"MDD_GSE98793","WGCNA_greenyellow","strict_max_mean",0.0714647009545786,0.153407872173591,0.64185811241149,0.810768141993461,0.0914590465254733,0.153351981484781,0.551618268342357,0.74200049021603,192,"score_z ~ diagnosis",0.997987888375999,FALSE
"MDD_GSE98793","WGCNA_lightcyan","strict_max_mean",0.000813780269099875,0.153495445462375,0.995775471532465,0.995775471532465,0.00317036732317409,0.153495284494192,0.983542944701147,0.983542944701147,192,"score_z ~ diagnosis",0.999943334894386,FALSE
"MDD_GSE98793","WGCNA_magenta","strict_max_mean",0.138178668175293,0.153167764158013,0.36812505346463,0.679615483319318,0.118134680019233,0.153256006963525,0.44176382396529,0.74200049021603,192,"score_z ~ diagnosis",0.996752600170004,FALSE
"MDD_GSE98793","WGCNA_midnightblue","strict_max_mean",0.154549828724256,0.153085405307338,0.313987189643586,0.679615483319318,0.258275265924363,0.15234753184071,0.0916560175768766,0.27496805273063,192,"score_z ~ diagnosis",0.872716839237184,FALSE
"MDD_GSE98793","WGCNA_pink","strict_max_mean",0.179132381370027,0.152944332665339,0.242974666983143,0.583139200759544,0.184966566005388,0.152907778698902,0.227911964801202,0.497262468657167,192,"score_z ~ diagnosis",0.998788583466315,FALSE
"MDD_GSE98793","WGCNA_purple","strict_max_mean",0.217084600281635,0.152685379583408,0.156730327148747,0.470190981446242,0.219499371573122,0.152667208175151,0.152146049997284,0.405722799992756,192,"score_z ~ diagnosis",0.998132429014721,FALSE
"MDD_GSE98793","WGCNA_red","strict_max_mean",0.182818406138013,0.152921375229184,0.233379403045811,0.583139200759544,0.188622566010628,0.152884270430999,0.218816172976467,0.497262468657167,192,"score_z ~ diagnosis",0.998740093730745,FALSE
"MDD_GSE98793","WGCNA_salmon","strict_max_mean",0.0386480155843001,0.1534698467022,0.801446141857837,0.930585858440667,0.0346961295718561,0.153474816699726,0.821389591431309,0.896061372470519,192,"score_z ~ diagnosis",0.979094560909656,FALSE
"MDD_GSE98793","WGCNA_tan","strict_max_mean",-0.0308012401259634,0.15347919083375,0.841158180568448,0.930585858440667,-0.0597742743956572,0.153434188465634,0.697286434108308,0.83674372092997,192,"score_z ~ diagnosis",0.976557219569074,FALSE
"MDD_GSE98793","WGCNA_turquoise","strict_max_mean",-0.0864852473677646,0.153367168688459,0.573480527722459,0.794831912374156,-0.0892062868202988,0.153358965526391,0.561469784612864,0.74200049021603,192,"score_z ~ diagnosis",0.999850204815564,FALSE
"MDD_GSE98793","WGCNA_yellow","strict_max_mean",0.13888801671483,0.153164387416593,0.365666152022016,0.679615483319318,0.135136436658344,0.153182049303698,0.3787860957619,0.74200049021603,192,"score_z ~ diagnosis",0.999851593684963,FALSE
"MDD_GSE98793","hepatic_acute_phase_response_module","strict_median",0.412537540875684,0.150549437191841,0.00672532452974624,0.0402475022370558,0.474813934004337,0.149580364389591,0.00175231607366533,0.0164966365279646,192,"score_z ~ diagnosis",0.927906303081932,FALSE
"MDD_GSE98793","hepatic_complement_coagulation_module","strict_median",0.534232636873973,0.148521803993797,0.000410413122447215,0.00984991493873317,0.53117431451656,0.148579525889918,0.000444090216167071,0.0106581651880097,192,"score_z ~ diagnosis",0.961403887654014,FALSE
"MDD_GSE98793","hepatic_ECM_fibrosis_module","strict_median",0.416659523326082,0.150489680387965,0.00618578821376565,0.0402475022370558,0.46769194627971,0.149698411611042,0.00206207956599558,0.0164966365279646,192,"score_z ~ diagnosis",0.900015039012793,FALSE
"MDD_GSE98793","hepatic_endothelial_vascular_activation_module","strict_median",0.428352126822697,0.150316805017839,0.00485948006623194,0.0402475022370558,0.404868499848524,0.150658973527535,0.00784183507743006,0.0417311131087581,192,"score_z ~ diagnosis",0.927152192804261,FALSE
"MDD_GSE98793","hepatic_inflammatory_module","strict_median",0.34287034872036,0.151466557433931,0.0247247298549351,0.0988989194197405,0.390258292538666,0.150861752069216,0.0104327782771895,0.0417311131087581,192,"score_z ~ diagnosis",0.968773458024213,TRUE
"MDD_GSE98793","hepatic_lipid_dysregulation_module","strict_median",0.0932523382012657,0.153346297149879,0.543836766354142,0.794831912374156,0.154757198012607,0.153084302706286,0.313336585259343,0.578467542017248,192,"score_z ~ diagnosis",0.961669868370251,FALSE
"MDD_GSE98793","hepatic_mitochondrial_dysfunction_module","strict_median",-0.0814268557993789,0.153381741985472,0.596123934280617,0.794831912374156,-0.116226665774526,0.153263685096237,0.449184430601408,0.615465921211495,192,"score_z ~ diagnosis",0.981221053057716,FALSE
"MDD_GSE98793","hepatic_secretome_hepatokine_module","strict_median",0.401484128462705,0.150706633713397,0.00838489629938662,0.0402475022370558,0.397520691080003,0.150761921064188,0.00906309648814821,0.0417311131087581,192,"score_z ~ diagnosis",0.934294963820749,FALSE
"MDD_GSE98793","WGCNA_black","strict_median",-0.290645575415922,0.15204029330015,0.0574278428887376,0.196895461332815,-0.289123731175565,0.152055564083645,0.0587583895136842,0.201457335475489,192,"score_z ~ diagnosis",0.985885506135468,FALSE
"MDD_GSE98793","WGCNA_blue","strict_median",0.0897548058646816,0.153357281069304,0.559063305215665,0.794831912374156,0.127808329465333,0.153215148538519,0.405229612123371,0.615465921211495,192,"score_z ~ diagnosis",0.989341417125948,FALSE
"MDD_GSE98793","WGCNA_brown","strict_median",0.0284703826544015,0.153481559621164,0.853037036903945,0.930585858440667,-0.0700884289933199,0.153411214029848,0.648288964155879,0.707224324533686,192,"score_z ~ diagnosis",0.986856480198847,FALSE
"MDD_GSE98793","WGCNA_cyan","strict_median",0.018847760183386,0.153489366371541,0.902399051626904,0.941633793001987,0.0373662549278042,0.153471517381336,0.807901247261471,0.807901247261471,192,"score_z ~ diagnosis",0.449165580755112,FALSE
"MDD_GSE98793","WGCNA_green","strict_median",-0.102976395752241,0.153313548031784,0.502608465391279,0.794831912374156,-0.101968948118978,0.153317092012797,0.506802410748047,0.615465921211495,192,"score_z ~ diagnosis",0.99434743836953,FALSE
"MDD_GSE98793","WGCNA_greenyellow","strict_median",0.0714647009545786,0.153407872173591,0.64185811241149,0.810768141993461,0.0944819526230427,0.153342335635156,0.538532681060058,0.615465921211495,192,"score_z ~ diagnosis",0.972046618648144,FALSE
"MDD_GSE98793","WGCNA_lightcyan","strict_median",0.000813780269099875,0.153495445462375,0.995775471532465,0.995775471532465,0.130877025456147,0.153201513394472,0.394025555186378,0.615465921211495,192,"score_z ~ diagnosis",0.884726310031925,FALSE
"MDD_GSE98793","WGCNA_magenta","strict_median",0.138178668175293,0.153167764158013,0.36812505346463,0.679615483319318,0.0501890454631418,0.153452265159929,0.743977879932689,0.776324744277588,192,"score_z ~ diagnosis",0.967903838940959,FALSE
"MDD_GSE98793","WGCNA_midnightblue","strict_median",0.154549828724256,0.153085405307338,0.313987189643586,0.679615483319318,0.26355430054655,0.152299940053612,0.0851654881110882,0.255496464333265,192,"score_z ~ diagnosis",0.869303996913734,FALSE
"MDD_GSE98793","WGCNA_pink","strict_median",0.179132381370027,0.152944332665339,0.242974666983143,0.583139200759544,0.221692048386372,0.152650532015592,0.14807179547671,0.355372309144103,192,"score_z ~ diagnosis",0.984136262820785,FALSE
"MDD_GSE98793","WGCNA_purple","strict_median",0.217084600281635,0.152685379583408,0.156730327148747,0.470190981446242,0.232450625317104,0.152566279070506,0.129270294532936,0.344720785421162,192,"score_z ~ diagnosis",0.975602219038434,FALSE
"MDD_GSE98793","WGCNA_red","strict_median",0.182818406138013,0.152921375229184,0.233379403045811,0.583139200759544,0.208860025231516,0.152745746600447,0.17312459590117,0.377726391057099,192,"score_z ~ diagnosis",0.970227072737975,FALSE
"MDD_GSE98793","WGCNA_salmon","strict_median",0.0386480155843001,0.1534698467022,0.801446141857837,0.930585858440667,0.0999970378267929,0.153323927689847,0.515063865430696,0.615465921211495,192,"score_z ~ diagnosis",0.961938243390383,FALSE
"MDD_GSE98793","WGCNA_tan","strict_median",-0.0308012401259634,0.15347919083375,0.841158180568448,0.930585858440667,-0.108305818112596,0.153294219168015,0.480728763811069,0.615465921211495,192,"score_z ~ diagnosis",0.912868985655295,FALSE
"MDD_GSE98793","WGCNA_turquoise","strict_median",-0.0864852473677646,0.153367168688459,0.573480527722459,0.794831912374156,-0.121910936343696,0.153240440993194,0.427284485098962,0.615465921211495,192,"score_z ~ diagnosis",0.985422834228548,FALSE
"MDD_GSE98793","WGCNA_yellow","strict_median",0.13888801671483,0.153164387416593,0.365666152022016,0.679615483319318,0.165608403228304,0.153024531173757,0.280520003974193,0.561040007948385,192,"score_z ~ diagnosis",0.993677001622949,FALSE
"AD_GSE48350","hepatic_acute_phase_response_module","strict_max_iqr",0.0323545963802891,0.179286415991346,0.857219335986887,0.894489741899361,0.0322265411510222,0.182597611321713,0.860334908171781,0.938547172551034,253,"score_z ~ diagnosis + region + age_z + sex + (1 | donor_id)",0.990784047531268,FALSE
"AD_GSE48350","hepatic_complement_coagulation_module","strict_max_iqr",-0.0503473124994388,0.178833194883368,0.779000681761777,0.89028649344203,-0.0154607742986253,0.181377765294497,0.932275565611004,0.957468445693146,253,"score_z ~ diagnosis + region + age_z + sex + (1 | donor_id)",0.992543742974104,FALSE
"AD_GSE48350","hepatic_ECM_fibrosis_module","strict_max_iqr",0.128164991156824,0.17242499114352,0.459512048215333,0.733279517271373,0.0925254444316413,0.176043828186959,0.60065985415456,0.77133064313546,253,"score_z ~ diagnosis + region + age_z + sex + (1 | donor_id)",0.994333281124292,FALSE
"AD_GSE48350","hepatic_endothelial_vascular_activation_module","strict_max_iqr",-0.0456282905449032,0.200756535742169,0.820766526335212,0.894489741899361,-0.0445849541061255,0.199326679402879,0.823562726719654,0.938547172551034,253,"score_z ~ diagnosis + region + age_z + sex + (1 | donor_id)",0.994603454243972,FALSE
"AD_GSE48350","hepatic_inflammatory_module","strict_max_iqr",0.14998322997667,0.184097832567881,0.41754801041957,0.715796589290692,0.122631410360638,0.185303784542882,0.509919910513168,0.719886932489178,253,"score_z ~ diagnosis + region + age_z + sex + (1 | donor_id)",0.99692220377644,FALSE
"AD_GSE48350","hepatic_lipid_dysregulation_module","strict_max_iqr",-0.414192686068986,0.204567824063787,0.0460589298655126,0.221082863354461,-0.34778414165745,0.198732195938848,0.08372382115432,0.367011487275547,253,"score_z ~ diagnosis + region + age_z + sex + (1 | donor_id)",0.983890324914514,FALSE
"AD_GSE48350","hepatic_mitochondrial_dysfunction_module","strict_max_iqr",-0.474359965809538,0.192881736268035,0.0161175231686821,0.193410278024186,-0.487757498961012,0.201187366044611,0.0175940039391279,0.105564023634767,253,"score_z ~ diagnosis + region + age_z + sex + (1 | donor_id)",0.985082674731491,FALSE
"AD_GSE48350","hepatic_secretome_hepatokine_module","strict_max_iqr",0.139238302865041,0.156767578347158,0.377103381904329,0.696190858900299,0.11217285397541,0.163053978318104,0.493478684461714,0.719886932489178,253,"score_z ~ diagnosis + region + age_z + sex + (1 | donor_id)",0.988565552293745,FALSE
"AD_GSE48350","WGCNA_black","strict_max_iqr",0.160576675738867,0.174556610706896,0.360341293643788,0.696190858900299,0.189808596344003,0.17627961160394,0.284787037296778,0.569574074593556,253,"score_z ~ diagnosis + region + age_z + sex + (1 | donor_id)",0.995087521589362,FALSE
"AD_GSE48350","WGCNA_blue","strict_max_iqr",-0.306098686344042,0.187912266040613,0.107396987705253,0.368218243560867,-0.277615138668159,0.192901151310483,0.154106762044117,0.462320286132351,253,"score_z ~ diagnosis + region + age_z + sex + (1 | donor_id)",0.994722685000553,FALSE
"AD_GSE48350","WGCNA_brown","strict_max_iqr",-0.280449137074918,0.194499679709534,0.153594115323998,0.40958430753066,-0.285454235060305,0.211692634660863,0.18163843923937,0.484369171304985,253,"score_z ~ diagnosis + region + age_z + sex + (1 | donor_id)",0.963461977602831,FALSE
"AD_GSE48350","WGCNA_cyan","strict_max_iqr",0.334411802728428,0.15710985479216,0.036822237327807,0.220933423966842,0.457316851727937,0.155750177638625,0.00452902946108117,0.0543483535329741,253,"score_z ~ diagnosis + region + age_z + sex + (1 | donor_id)",0.965880512218613,FALSE
"AD_GSE48350","WGCNA_green","strict_max_iqr",-0.560634828710688,0.186463578287637,0.00355294673926359,0.0852707217423261,-0.564116713783556,0.187929052380717,0.0036160028003922,0.0543483535329741,253,"score_z ~ diagnosis + region + age_z + sex + (1 | donor_id)",0.997105647538637,FALSE
"AD_GSE48350","WGCNA_greenyellow","strict_max_iqr",-0.294206336584676,0.156511129435898,0.0635735628868251,0.2542942515473,-0.262733400900246,0.15409588266779,0.0917528718188867,0.367011487275547,253,"score_z ~ diagnosis + region + age_z + sex + (1 | donor_id)",0.957637758606844,FALSE
"AD_GSE48350","WGCNA_lightcyan","strict_max_iqr",0.134087188312235,0.192845602892853,0.488853011514249,0.733279517271373,0.178978729071901,0.202109778702591,0.378509557132373,0.698786874705919,253,"score_z ~ diagnosis + region + age_z + sex + (1 | donor_id)",0.969831223568513,FALSE
"AD_GSE48350","WGCNA_magenta","strict_max_iqr",0.0664591637642352,0.136630285079029,0.628081390390382,0.793365966808903,0.0529797279818524,0.151487097912948,0.72748595475379,0.872983145704548,253,"score_z ~ diagnosis + region + age_z + sex + (1 | donor_id)",0.971990969829874,FALSE
"AD_GSE48350","WGCNA_midnightblue","strict_max_iqr",0.232868101908961,0.159870588151393,0.149597854945661,0.40958430753066,0.216864668262647,0.176785086425657,0.22390234062139,0.516051169240537,253,"score_z ~ diagnosis + region + age_z + sex + (1 | donor_id)",0.794408007505106,FALSE
"AD_GSE48350","WGCNA_pink","strict_max_iqr",-0.0207674792242062,0.157095761708817,0.895207081753303,0.895207081753303,-0.00885555512673853,0.165461484683714,0.957468445693146,0.957468445693146,253,"score_z ~ diagnosis + region + age_z + sex + (1 | donor_id)",0.978466405029967,FALSE
"AD_GSE48350","WGCNA_purple","strict_max_iqr",0.0510617100628037,0.126225086577126,0.687192662580278,0.824631195096334,0.16514581500278,0.13808454511001,0.236523452568579,0.516051169240537,253,"score_z ~ diagnosis + region + age_z + sex + (1 | donor_id)",0.981596494937113,FALSE
"AD_GSE48350","WGCNA_red","strict_max_iqr",0.101877430073035,0.173687859969378,0.559074343406939,0.789281425986267,0.0892542895642865,0.174634319583917,0.610636759148906,0.77133064313546,253,"score_z ~ diagnosis + region + age_z + sex + (1 | donor_id)",0.99612876433481,FALSE
"AD_GSE48350","WGCNA_salmon","strict_max_iqr",0.225919296447072,0.166231980945446,0.177733552449733,0.426560525879359,0.271501923746866,0.169891140506247,0.113821544404474,0.390245295101055,253,"score_z ~ diagnosis + region + age_z + sex + (1 | donor_id)",0.985931268128794,FALSE
"AD_GSE48350","WGCNA_tan","strict_max_iqr",0.0843631948811414,0.156925595718322,0.592505878376544,0.790007837835392,0.125099578482212,0.153895120403259,0.419027429650961,0.716290405135817,253,"score_z ~ diagnosis + region + age_z + sex + (1 | donor_id)",0.995287484678902,FALSE
"AD_GSE48350","WGCNA_turquoise","strict_max_iqr",0.24276552134515,0.193387713676589,0.21327337536131,0.46532372806104,0.158370542389247,0.207513997997909,0.447681503209886,0.716290405135817,253,"score_z ~ diagnosis + region + age_z + sex + (1 | donor_id)",0.970572572900189,FALSE
"AD_GSE48350","WGCNA_yellow","strict_max_iqr",-0.430388786994365,0.190502290613643,0.0269833002192931,0.215866401754345,-0.475376427284004,0.189477071374994,0.0144861993657929,0.105564023634767,253,"score_z ~ diagnosis + region + age_z + sex + (1 | donor_id)",0.991385858930032,FALSE
"AD_GSE48350","hepatic_acute_phase_response_module","strict_max_mean",0.0323545963802891,0.179286415991346,0.857219335986887,0.894489741899361,0.0396085748599476,0.177318010389991,0.823779081546078,0.859595563352429,253,"score_z ~ diagnosis + region + age_z + sex + (1 | donor_id)",0.998936586644745,FALSE
"AD_GSE48350","hepatic_complement_coagulation_module","strict_max_mean",-0.0503473124994388,0.178833194883368,0.779000681761777,0.89028649344203,-0.0469696646210571,0.179588680660802,0.794320830387014,0.859595563352429,253,"score_z ~ diagnosis + region + age_z + sex + (1 | donor_id)",0.998510999329802,FALSE
"AD_GSE48350","hepatic_ECM_fibrosis_module","strict_max_mean",0.128164991156824,0.17242499114352,0.459512048215333,0.733279517271373,0.130029552691596,0.173250997345858,0.455175645187361,0.73905184944501,253,"score_z ~ diagnosis + region + age_z + sex + (1 | donor_id)",0.999677033197848,FALSE
"AD_GSE48350","hepatic_endothelial_vascular_activation_module","strict_max_mean",-0.0456282905449032,0.200756535742169,0.820766526335212,0.894489741899361,-0.0573969238459434,0.201517700307231,0.776492820660275,0.859595563352429,253,"score_z ~ diagnosis + region + age_z + sex + (1 | donor_id)",0.999642366489325,FALSE
"AD_GSE48350","hepatic_inflammatory_module","strict_max_mean",0.14998322997667,0.184097832567881,0.41754801041957,0.715796589290692,0.145269857474049,0.184636580297948,0.433614423973814,0.73905184944501,253,"score_z ~ diagnosis + region + age_z + sex + (1 | donor_id)",0.999775439559367,FALSE
"AD_GSE48350","hepatic_lipid_dysregulation_module","strict_max_mean",-0.414192686068986,0.204567824063787,0.0460589298655126,0.221082863354461,-0.403378870739706,0.202716165169221,0.0498426480701498,0.239244710736719,253,"score_z ~ diagnosis + region + age_z + sex + (1 | donor_id)",0.997370499617446,FALSE
"AD_GSE48350","hepatic_mitochondrial_dysfunction_module","strict_max_mean",-0.474359965809538,0.192881736268035,0.0161175231686821,0.193410278024186,-0.471499179453491,0.194024955326707,0.0173649902389817,0.138919921911854,253,"score_z ~ diagnosis + region + age_z + sex + (1 | donor_id)",0.999024526332097,FALSE
"AD_GSE48350","hepatic_secretome_hepatokine_module","strict_max_mean",0.139238302865041,0.156767578347158,0.377103381904329,0.696190858900299,0.112364853143156,0.154693378910998,0.46973579218119,0.73905184944501,253,"score_z ~ diagnosis + region + age_z + sex + (1 | donor_id)",0.996537360000732,FALSE
"AD_GSE48350","WGCNA_black","strict_max_mean",0.160576675738867,0.174556610706896,0.360341293643788,0.696190858900299,0.177612027166743,0.175848595169155,0.315492451122554,0.630984902245109,253,"score_z ~ diagnosis + region + age_z + sex + (1 | donor_id)",0.999275546001395,FALSE
"AD_GSE48350","WGCNA_blue","strict_max_mean",-0.306098686344042,0.187912266040613,0.107396987705253,0.368218243560867,-0.308841215977878,0.188266035518458,0.104981846572901,0.419927386291605,253,"score_z ~ diagnosis + region + age_z + sex + (1 | donor_id)",0.999804375823017,FALSE
"AD_GSE48350","WGCNA_brown","strict_max_mean",-0.280449137074918,0.194499679709534,0.153594115323998,0.40958430753066,-0.282803204680475,0.19286949313475,0.146841305140546,0.441231419537367,253,"score_z ~ diagnosis + region + age_z + sex + (1 | donor_id)",0.998384660748049,FALSE
"AD_GSE48350","WGCNA_cyan","strict_max_mean",0.334411802728428,0.15710985479216,0.036822237327807,0.220933423966842,0.411165211496408,0.144227472983287,0.00575142238448928,0.0690170686138713,253,"score_z ~ diagnosis + region + age_z + sex + (1 | donor_id)",0.967351529494783,FALSE
"AD_GSE48350","WGCNA_green","strict_max_mean",-0.560634828710688,0.186463578287637,0.00355294673926359,0.0852707217423261,-0.563480488020801,0.186377229341964,0.00338298196250761,0.0690170686138713,253,"score_z ~ diagnosis + region + age_z + sex + (1 | donor_id)",0.999656008113712,FALSE
"AD_GSE48350","WGCNA_greenyellow","strict_max_mean",-0.294206336584676,0.156511129435898,0.0635735628868251,0.2542942515473,-0.231946849825919,0.158523391729913,0.147077139845789,0.441231419537367,253,"score_z ~ diagnosis + region + age_z + sex + (1 | donor_id)",0.991243415577953,FALSE
"AD_GSE48350","WGCNA_lightcyan","strict_max_mean",0.134087188312235,0.192845602892853,0.488853011514249,0.733279517271373,0.132966982783584,0.192944196463353,0.49270123296334,0.73905184944501,253,"score_z ~ diagnosis + region + age_z + sex + (1 | donor_id)",0.999973736011071,FALSE
"AD_GSE48350","WGCNA_magenta","strict_max_mean",0.0664591637642352,0.136630285079029,0.628081390390382,0.793365966808903,0.0823081416960856,0.135781383964094,0.546219132420022,0.742694067363087,253,"score_z ~ diagnosis + region + age_z + sex + (1 | donor_id)",0.99840780040182,FALSE
"AD_GSE48350","WGCNA_midnightblue","strict_max_mean",0.232868101908961,0.159870588151393,0.149597854945661,0.40958430753066,0.166268723419828,0.164034245112042,0.314328564099568,0.630984902245109,253,"score_z ~ diagnosis + region + age_z + sex + (1 | donor_id)",0.797109567068491,FALSE
"AD_GSE48350","WGCNA_pink","strict_max_mean",-0.0207674792242062,0.157095761708817,0.895207081753303,0.895207081753303,-0.0139740536325971,0.157216443596872,0.92943057290496,0.92943057290496,253,"score_z ~ diagnosis + region + age_z + sex + (1 | donor_id)",0.998501110282573,FALSE
"AD_GSE48350","WGCNA_purple","strict_max_mean",0.0510617100628037,0.126225086577126,0.687192662580278,0.824631195096334,0.0457858287611882,0.126961593304883,0.719576476443781,0.859595563352429,253,"score_z ~ diagnosis + region + age_z + sex + (1 | donor_id)",0.998787716156254,FALSE
"AD_GSE48350","WGCNA_red","strict_max_mean",0.101877430073035,0.173687859969378,0.559074343406939,0.789281425986267,0.0957098936457476,0.174232625085992,0.584241347037016,0.742694067363087,253,"score_z ~ diagnosis + region + age_z + sex + (1 | donor_id)",0.999829877489791,FALSE
"AD_GSE48350","WGCNA_salmon","strict_max_mean",0.225919296447072,0.166231980945446,0.177733552449733,0.426560525879359,0.208886853610703,0.165874521812241,0.21134775185468,0.545529922941003,253,"score_z ~ diagnosis + region + age_z + sex + (1 | donor_id)",0.998510954034395,FALSE
"AD_GSE48350","WGCNA_tan","strict_max_mean",0.0843631948811414,0.156925595718322,0.592505878376544,0.790007837835392,0.085468130542875,0.157046078869198,0.587966136662444,0.742694067363087,253,"score_z ~ diagnosis + region + age_z + sex + (1 | donor_id)",0.999886257404276,FALSE
"AD_GSE48350","WGCNA_turquoise","strict_max_mean",0.24276552134515,0.193387713676589,0.21327337536131,0.46532372806104,0.235908183658086,0.193791663361542,0.227304134558751,0.545529922941003,253,"score_z ~ diagnosis + region + age_z + sex + (1 | donor_id)",0.999894152371985,FALSE
"AD_GSE48350","WGCNA_yellow","strict_max_mean",-0.430388786994365,0.190502290613643,0.0269833002192931,0.215866401754345,-0.426528347170335,0.189539487275972,0.0275766143473981,0.165459686084388,253,"score_z ~ diagnosis + region + age_z + sex + (1 | donor_id)",0.999182166584487,FALSE
"AD_GSE48350","hepatic_acute_phase_response_module","strict_median",0.0323545963802891,0.179286415991346,0.857219335986887,0.894489741899361,-0.00219633093576837,0.180400350757295,0.990314799932547,0.990314799932547,253,"score_z ~ diagnosis + region + age_z + sex + (1 | donor_id)",0.993222338926332,FALSE
"AD_GSE48350","hepatic_complement_coagulation_module","strict_median",-0.0503473124994388,0.178833194883368,0.779000681761777,0.89028649344203,-0.032881363456305,0.178385154312095,0.854203388832773,0.976232444380312,253,"score_z ~ diagnosis + region + age_z + sex + (1 | donor_id)",0.985478262883066,FALSE
"AD_GSE48350","hepatic_ECM_fibrosis_module","strict_median",0.128164991156824,0.17242499114352,0.459512048215333,0.733279517271373,0.156919277556695,0.172762796529655,0.366478922164852,0.549718383247278,253,"score_z ~ diagnosis + region + age_z + sex + (1 | donor_id)",0.991680289003793,FALSE
"AD_GSE48350","hepatic_endothelial_vascular_activation_module","strict_median",-0.0456282905449032,0.200756535742169,0.820766526335212,0.894489741899361,0.00997483248922712,0.197873522340943,0.959916187595939,0.990314799932547,253,"score_z ~ diagnosis + region + age_z + sex + (1 | donor_id)",0.989194361127728,FALSE
"AD_GSE48350","hepatic_inflammatory_module","strict_median",0.14998322997667,0.184097832567881,0.41754801041957,0.715796589290692,0.184505733612368,0.183988428733449,0.318803997342148,0.510086395747437,253,"score_z ~ diagnosis + region + age_z + sex + (1 | donor_id)",0.994426197321949,FALSE
"AD_GSE48350","hepatic_lipid_dysregulation_module","strict_median",-0.414192686068986,0.204567824063787,0.0460589298655126,0.221082863354461,-0.430902718604988,0.200668441814634,0.0346503939532798,0.138601575813119,253,"score_z ~ diagnosis + region + age_z + sex + (1 | donor_id)",0.984291191131549,FALSE
"AD_GSE48350","hepatic_mitochondrial_dysfunction_module","strict_median",-0.474359965809538,0.192881736268035,0.0161175231686821,0.193410278024186,-0.496325723988276,0.20249050971093,0.016440921987072,0.0882003740206409,253,"score_z ~ diagnosis + region + age_z + sex + (1 | donor_id)",0.98758722774716,FALSE
"AD_GSE48350","hepatic_secretome_hepatokine_module","strict_median",0.139238302865041,0.156767578347158,0.377103381904329,0.696190858900299,0.183196950863272,0.158819645899275,0.252206610759459,0.465612204479001,253,"score_z ~ diagnosis + region + age_z + sex + (1 | donor_id)",0.97593940424059,FALSE
"AD_GSE48350","WGCNA_black","strict_median",0.160576675738867,0.174556610706896,0.360341293643788,0.696190858900299,0.18848880770531,0.178545195269555,0.294263341947663,0.504451443338852,253,"score_z ~ diagnosis + region + age_z + sex + (1 | donor_id)",0.993434608266528,FALSE
"AD_GSE48350","WGCNA_blue","strict_median",-0.306098686344042,0.187912266040613,0.107396987705253,0.368218243560867,-0.281728410415213,0.195387070768457,0.153381012263597,0.42734457722234,253,"score_z ~ diagnosis + region + age_z + sex + (1 | donor_id)",0.993926464100206,FALSE
"AD_GSE48350","WGCNA_brown","strict_median",-0.280449137074918,0.194499679709534,0.153594115323998,0.40958430753066,-0.276958228122833,0.203682637665985,0.178060240509308,0.42734457722234,253,"score_z ~ diagnosis + region + age_z + sex + (1 | donor_id)",0.973559394821599,FALSE
"AD_GSE48350","WGCNA_cyan","strict_median",0.334411802728428,0.15710985479216,0.036822237327807,0.220933423966842,0.471767640179222,0.151773907518388,0.00288384897124627,0.0346061876549553,253,"score_z ~ diagnosis + region + age_z + sex + (1 | donor_id)",0.926726402275046,TRUE
"AD_GSE48350","WGCNA_green","strict_median",-0.560634828710688,0.186463578287637,0.00355294673926359,0.0852707217423261,-0.543407876953944,0.190192005360513,0.00547982302866471,0.0438385842293177,253,"score_z ~ diagnosis + region + age_z + sex + (1 | donor_id)",0.995251683109291,TRUE
"AD_GSE48350","WGCNA_greenyellow","strict_median",-0.294206336584676,0.156511129435898,0.0635735628868251,0.2542942515473,-0.18006158533148,0.155633167619411,0.250462544603598,0.465612204479001,253,"score_z ~ diagnosis + region + age_z + sex + (1 | donor_id)",0.975261799292364,FALSE
"AD_GSE48350","WGCNA_lightcyan","strict_median",0.134087188312235,0.192845602892853,0.488853011514249,0.733279517271373,0.551473915479211,0.167072157371478,0.00151603256955409,0.0346061876549553,253,"score_z ~ diagnosis + region + age_z + sex + (1 | donor_id)",0.789468542477102,TRUE
"AD_GSE48350","WGCNA_magenta","strict_median",0.0664591637642352,0.136630285079029,0.628081390390382,0.793365966808903,0.0470566024701033,0.139894697194043,0.737544970133786,0.885053964160544,253,"score_z ~ diagnosis + region + age_z + sex + (1 | donor_id)",0.982223814828148,FALSE
"AD_GSE48350","WGCNA_midnightblue","strict_median",0.232868101908961,0.159870588151393,0.149597854945661,0.40958430753066,0.205312966159774,0.167781099045687,0.225209717722484,0.465612204479001,253,"score_z ~ diagnosis + region + age_z + sex + (1 | donor_id)",0.802812958314199,FALSE
"AD_GSE48350","WGCNA_pink","strict_median",-0.0207674792242062,0.157095761708817,0.895207081753303,0.895207081753303,0.0191367378019766,0.162366790469544,0.906528004461342,0.988939641230555,253,"score_z ~ diagnosis + region + age_z + sex + (1 | donor_id)",0.971033395432331,FALSE
"AD_GSE48350","WGCNA_purple","strict_median",0.0510617100628037,0.126225086577126,0.687192662580278,0.824631195096334,0.189710413131886,0.137284658527691,0.172172902355213,0.42734457722234,253,"score_z ~ diagnosis + region + age_z + sex + (1 | donor_id)",0.983327298680139,FALSE
"AD_GSE48350","WGCNA_red","strict_median",0.101877430073035,0.173687859969378,0.559074343406939,0.789281425986267,0.117386070133254,0.17542294306488,0.505235896629363,0.638192711531827,253,"score_z ~ diagnosis + region + age_z + sex + (1 | donor_id)",0.994384983942088,FALSE
"AD_GSE48350","WGCNA_salmon","strict_median",0.225919296447072,0.166231980945446,0.177733552449733,0.426560525879359,0.273503399274886,0.16798173123042,0.107378126698867,0.368153577253259,253,"score_z ~ diagnosis + region + age_z + sex + (1 | donor_id)",0.932095501071648,FALSE
"AD_GSE48350","WGCNA_tan","strict_median",0.0843631948811414,0.156925595718322,0.592505878376544,0.790007837835392,0.122741538897274,0.149005013807168,0.413259995404632,0.572181034761579,253,"score_z ~ diagnosis + region + age_z + sex + (1 | donor_id)",0.931572143320154,FALSE
"AD_GSE48350","WGCNA_turquoise","strict_median",0.24276552134515,0.193387713676589,0.21327337536131,0.46532372806104,0.163072375745332,0.205128002238983,0.429135776071184,0.572181034761579,253,"score_z ~ diagnosis + region + age_z + sex + (1 | donor_id)",0.98133424974346,FALSE
"AD_GSE48350","WGCNA_yellow","strict_median",-0.430388786994365,0.190502290613643,0.0269833002192931,0.215866401754345,-0.463476633067181,0.192006994683743,0.0183750779209669,0.0882003740206409,253,"score_z ~ diagnosis + region + age_z + sex + (1 | donor_id)",0.988427435646118,FALSE
"AD_GSE5281","hepatic_acute_phase_response_module","strict_max_iqr",0.721473140014304,0.14590207167993,1.96115284342251e-06,5.88345853026754e-06,0.701950629640117,0.147282710058094,4.29256852042874e-06,1.28777055612862e-05,161,"descriptive score_z ~ diagnosis + region",0.991243390420665,FALSE
"AD_GSE5281","hepatic_complement_coagulation_module","strict_max_iqr",0.270702293857375,0.15342051792652,0.0796265812872987,0.119439871930948,0.203520018299213,0.153368302953164,0.186459576037846,0.242546266753547,161,"descriptive score_z ~ diagnosis + region",0.981316776787199,FALSE
"AD_GSE5281","hepatic_ECM_fibrosis_module","strict_max_iqr",1.20977119995569,0.127872413172427,4.76296083207918e-17,1.143110599699e-15,1.20136948459297,0.128037548217349,7.63052531208361e-17,1.83132607490007e-15,161,"descriptive score_z ~ diagnosis + region",0.997842391016719,FALSE
"AD_GSE5281","hepatic_endothelial_vascular_activation_module","strict_max_iqr",0.85979383937111,0.143428459511942,1.37916069034136e-08,4.72855093831323e-08,0.837859661449395,0.143690326560691,3.10130521378666e-08,1.06330464472686e-07,161,"descriptive score_z ~ diagnosis + region",0.995908993256093,FALSE
"AD_GSE5281","hepatic_inflammatory_module","strict_max_iqr",1.11284762155327,0.133844825631266,4.38944259957768e-14,5.26733111949322e-13,1.09438267377387,0.134619392509719,1.28505930153089e-13,1.54207116183707e-12,161,"descriptive score_z ~ diagnosis + region",0.998294647061886,FALSE
"AD_GSE5281","hepatic_lipid_dysregulation_module","strict_max_iqr",-0.297970375696231,0.15334000000535,0.0538037939727344,0.0922350753818303,-0.339841895167952,0.153697900695473,0.0284928765814925,0.0513624121622012,161,"descriptive score_z ~ diagnosis + region",0.995311047994815,FALSE
"AD_GSE5281","hepatic_mitochondrial_dysfunction_module","strict_max_iqr",-0.942480567428387,0.140276284206275,3.29224821984156e-10,1.58027914552395e-09,-0.952156094952488,0.139697293040493,1.96164809525054e-10,9.4159108572026e-10,161,"descriptive score_z ~ diagnosis + region",0.999306924926299,FALSE
"AD_GSE5281","hepatic_secretome_hepatokine_module","strict_max_iqr",0.849846460460425,0.140780492845576,1.11722335041218e-08,4.46889340164872e-08,0.844137909166377,0.13994689737943,1.14462118628315e-08,4.5784847451326e-08,161,"descriptive score_z ~ diagnosis + region",0.985505473727515,FALSE
"AD_GSE5281","WGCNA_black","strict_max_iqr",-0.194683010559478,0.150798169928592,0.198619936363602,0.238343923636323,-0.134162662710213,0.152033543566123,0.378897659401484,0.453633586581796,161,"descriptive score_z ~ diagnosis + region",0.991917578151448,FALSE
"AD_GSE5281","WGCNA_blue","strict_max_iqr",0.412096546586249,0.136776911142854,0.00302309481112434,0.00659584322427129,0.414588950296558,0.136870103734472,0.00287462588458373,0.00689910212300096,161,"descriptive score_z ~ diagnosis + region",0.999335435350932,FALSE
"AD_GSE5281","WGCNA_brown","strict_max_iqr",-0.336677134555612,0.159261205501527,0.036116405427794,0.0666764407897736,-0.303192109438239,0.16002320305482,0.0599976209678316,0.0959961935485306,161,"descriptive score_z ~ diagnosis + region",0.995779452640718,FALSE
"AD_GSE5281","WGCNA_cyan","strict_max_iqr",-0.271197730433741,0.149536740378261,0.0716758391518186,0.11468134264291,-0.330507145222319,0.150863086600856,0.0299614070946174,0.0513624121622012,161,"descriptive score_z ~ diagnosis + region",0.953316108775441,FALSE
"AD_GSE5281","WGCNA_green","strict_max_iqr",-1.03238804237265,0.139448515065933,7.92986782572464e-12,6.34389426057971e-11,-1.05284688630944,0.138406004666938,2.53702269392743e-12,2.02961815514195e-11,161,"descriptive score_z ~ diagnosis + region",0.999502597438465,FALSE
"AD_GSE5281","WGCNA_greenyellow","strict_max_iqr",-0.475686657531148,0.140475720703729,0.000897950764564219,0.00215508183495413,-0.365449421463471,0.139323139561507,0.0095853475424627,0.0209134855471913,161,"descriptive score_z ~ diagnosis + region",0.983213142324187,FALSE
"AD_GSE5281","WGCNA_lightcyan","strict_max_iqr",0.142173179140066,0.155838291091882,0.363021150820378,0.414881315223289,0.132522460677188,0.156005866444061,0.396929388259072,0.453633586581796,161,"descriptive score_z ~ diagnosis + region",0.999918391099685,FALSE
"AD_GSE5281","WGCNA_magenta","strict_max_iqr",-0.241480523699097,0.15634301045046,0.124492951700359,0.160546736522267,-0.284335256389193,0.156109128584739,0.0704760587958988,0.105714088193848,161,"descriptive score_z ~ diagnosis + region",0.993715195650778,FALSE
"AD_GSE5281","WGCNA_midnightblue","strict_max_iqr",0.25163203860582,0.153412314864461,0.10298444697782,0.1453898074981,0.197950621064992,0.151066951914097,0.192015794513225,0.242546266753547,161,"descriptive score_z ~ diagnosis + region",0.88737502108934,FALSE
"AD_GSE5281","WGCNA_pink","strict_max_iqr",0.624167362411724,0.141813293510229,1.99375725103066e-05,5.31668600274843e-05,0.590041287666537,0.142885354333492,5.92506665217334e-05,0.000158001777391289,161,"descriptive score_z ~ diagnosis + region",0.995956065822918,FALSE
"AD_GSE5281","WGCNA_purple","strict_max_iqr",-0.0979667751635984,0.156445053577306,0.532101157460506,0.580473989956915,-0.10866187178704,0.157797265724146,0.492093751362553,0.536829546940967,161,"descriptive score_z ~ diagnosis + region",0.992675092255127,FALSE
"AD_GSE5281","WGCNA_red","strict_max_iqr",0.923316799557848,0.132153895648672,7.81915386310396e-11,4.69149231786238e-10,0.926473527125461,0.132478100061262,7.53915721375446e-11,4.52349432825268e-10,161,"descriptive score_z ~ diagnosis + region",0.998708485329423,FALSE
"AD_GSE5281","WGCNA_salmon","strict_max_iqr",-0.355647476105573,0.150005643800121,0.0189743176856272,0.0379486353712544,-0.385850070005328,0.150127538192096,0.0111076011484568,0.0222152022969136,161,"descriptive score_z ~ diagnosis + region",0.995711334851854,FALSE
"AD_GSE5281","WGCNA_tan","strict_max_iqr",-0.0230180885728733,0.159013910793253,0.885092217172107,0.885092217172107,-0.077766929086283,0.161032923690643,0.629829920656998,0.657213830250781,161,"descriptive score_z ~ diagnosis + region",0.964836085139273,FALSE
"AD_GSE5281","WGCNA_turquoise","strict_max_iqr",-0.0390050273966269,0.142979728354801,0.785369220274571,0.819515708112596,-0.0362875489294439,0.142994750316667,0.800010794937503,0.800010794937503,161,"descriptive score_z ~ diagnosis + region",0.999802151042807,FALSE
"AD_GSE5281","WGCNA_yellow","strict_max_iqr",0.222200538417918,0.144862400065848,0.127099499746795,0.160546736522267,0.210262838640786,0.146369412463366,0.152869275187463,0.215815447323477,161,"descriptive score_z ~ diagnosis + region",0.998649011417873,FALSE
"AD_GSE5281","hepatic_acute_phase_response_module","strict_max_mean",0.721473140014304,0.14590207167993,1.96115284342251e-06,5.88345853026754e-06,0.637079351233049,0.148157377976562,3.00902854603384e-05,8.02407612275691e-05,161,"descriptive score_z ~ diagnosis + region",0.995604133335293,FALSE
"AD_GSE5281","hepatic_complement_coagulation_module","strict_max_mean",0.270702293857375,0.15342051792652,0.0796265812872987,0.119439871930948,0.164163415987023,0.154459046705213,0.289512984180361,0.351668780272889,161,"descriptive score_z ~ diagnosis + region",0.989302152012626,FALSE
"AD_GSE5281","hepatic_ECM_fibrosis_module","strict_max_mean",1.20977119995569,0.127872413172427,4.76296083207918e-17,1.143110599699e-15,1.20894379350251,0.127973597519208,5.1830668204414e-17,1.24393603690594e-15,161,"descriptive score_z ~ diagnosis + region",0.999730143284503,FALSE
"AD_GSE5281","hepatic_endothelial_vascular_activation_module","strict_max_mean",0.85979383937111,0.143428459511942,1.37916069034136e-08,4.72855093831323e-08,0.859756086193278,0.143324020950562,1.35117315308206e-08,5.40469261232826e-08,161,"descriptive score_z ~ diagnosis + region",0.998731645552966,FALSE
"AD_GSE5281","hepatic_inflammatory_module","strict_max_mean",1.11284762155327,0.133844825631266,4.38944259957768e-14,5.26733111949322e-13,1.11398316722211,0.13376520608757,4.05859584089219e-14,4.87031500907063e-13,161,"descriptive score_z ~ diagnosis + region",0.999843709653948,FALSE
"AD_GSE5281","hepatic_lipid_dysregulation_module","strict_max_mean",-0.297970375696231,0.15334000000535,0.0538037939727344,0.0922350753818303,-0.303013868233542,0.154034463636407,0.0509473586222043,0.0815157737955268,161,"descriptive score_z ~ diagnosis + region",0.998257878779373,FALSE
"AD_GSE5281","hepatic_mitochondrial_dysfunction_module","strict_max_mean",-0.942480567428387,0.140276284206275,3.29224821984156e-10,1.58027914552395e-09,-0.966145456179972,0.139485622479352,1.08259090878896e-10,5.29755640546346e-10,161,"descriptive score_z ~ diagnosis + region",0.999544099064054,FALSE
"AD_GSE5281","hepatic_secretome_hepatokine_module","strict_max_mean",0.849846460460425,0.140780492845576,1.11722335041218e-08,4.46889340164872e-08,0.840551734243457,0.140857813944302,1.57957289017195e-08,5.41567848058956e-08,161,"descriptive score_z ~ diagnosis + region",0.992727366997004,FALSE
"AD_GSE5281","WGCNA_black","strict_max_mean",-0.194683010559478,0.150798169928592,0.198619936363602,0.238343923636323,-0.159575282014599,0.151253142864519,0.293057316894074,0.351668780272889,161,"descriptive score_z ~ diagnosis + region",0.994698904717483,FALSE
"AD_GSE5281","WGCNA_blue","strict_max_mean",0.412096546586249,0.136776911142854,0.00302309481112434,0.00659584322427129,0.409955676480093,0.136420043449809,0.00309737382677506,0.00743369718426015,161,"descriptive score_z ~ diagnosis + region",0.999776899999024,FALSE
"AD_GSE5281","WGCNA_brown","strict_max_mean",-0.336677134555612,0.159261205501527,0.036116405427794,0.0666764407897736,-0.341233278059071,0.159176909004328,0.0336137354091193,0.0580491750939423,161,"descriptive score_z ~ diagnosis + region",0.999158336293119,FALSE
"AD_GSE5281","WGCNA_cyan","strict_max_mean",-0.271197730433741,0.149536740378261,0.0716758391518186,0.11468134264291,-0.32327574450106,0.151013925496068,0.0338620188047997,0.0580491750939423,161,"descriptive score_z ~ diagnosis + region",0.953263302627173,FALSE
"AD_GSE5281","WGCNA_green","strict_max_mean",-1.03238804237265,0.139448515065933,7.92986782572464e-12,6.34389426057971e-11,-1.03841230219138,0.139247014852098,5.86964029349384e-12,4.69571223479507e-11,161,"descriptive score_z ~ diagnosis + region",0.999855547855658,FALSE
"AD_GSE5281","WGCNA_greenyellow","strict_max_mean",-0.475686657531148,0.140475720703729,0.000897950764564219,0.00215508183495413,-0.395653416642864,0.141949254126006,0.00598029744723239,0.0130479217030525,161,"descriptive score_z ~ diagnosis + region",0.995636185801612,FALSE
"AD_GSE5281","WGCNA_lightcyan","strict_max_mean",0.142173179140066,0.155838291091882,0.363021150820378,0.414881315223289,0.140664939595384,0.155832166563817,0.368101972925233,0.420687969057409,161,"descriptive score_z ~ diagnosis + region",0.999987144875436,FALSE
"AD_GSE5281","WGCNA_magenta","strict_max_mean",-0.241480523699097,0.15634301045046,0.124492951700359,0.160546736522267,-0.244985599233798,0.156539260206792,0.119619775015306,0.179429662522959,161,"descriptive score_z ~ diagnosis + region",0.999161574042229,FALSE
"AD_GSE5281","WGCNA_midnightblue","strict_max_mean",0.25163203860582,0.153412314864461,0.10298444697782,0.1453898074981,0.205807535709577,0.151155974284063,0.175313446651635,0.23375126220218,161,"descriptive score_z ~ diagnosis + region",0.888325157764721,FALSE
"AD_GSE5281","WGCNA_pink","strict_max_mean",0.624167362411724,0.141813293510229,1.99375725103066e-05,5.31668600274843e-05,0.6240141565497,0.141794438010669,1.99780471925706e-05,5.99341415777117e-05,161,"descriptive score_z ~ diagnosis + region",0.998583241932633,FALSE
"AD_GSE5281","WGCNA_purple","strict_max_mean",-0.0979667751635984,0.156445053577306,0.532101157460506,0.580473989956915,-0.0665880720582549,0.15725381826017,0.672558858280841,0.712192038222183,161,"descriptive score_z ~ diagnosis + region",0.994734571328898,FALSE
"AD_GSE5281","WGCNA_red","strict_max_mean",0.923316799557848,0.132153895648672,7.81915386310396e-11,4.69149231786238e-10,0.918012694770942,0.132604945959021,1.10365758447155e-10,5.29755640546346e-10,161,"descriptive score_z ~ diagnosis + region",0.999566072776738,FALSE
"AD_GSE5281","WGCNA_salmon","strict_max_mean",-0.355647476105573,0.150005643800121,0.0189743176856272,0.0379486353712544,-0.376744717295706,0.150067339180429,0.0130816529027287,0.0261633058054574,161,"descriptive score_z ~ diagnosis + region",0.995761930131435,FALSE
"AD_GSE5281","WGCNA_tan","strict_max_mean",-0.0230180885728733,0.159013910793253,0.885092217172107,0.885092217172107,-0.0659930803133207,0.161036695421987,0.682517369962926,0.712192038222183,161,"descriptive score_z ~ diagnosis + region",0.965642666565378,FALSE
"AD_GSE5281","WGCNA_turquoise","strict_max_mean",-0.0390050273966269,0.142979728354801,0.785369220274571,0.819515708112596,-0.0465213888864629,0.14289874440739,0.745200186860125,0.745200186860125,161,"descriptive score_z ~ diagnosis + region",0.999951091726534,FALSE
"AD_GSE5281","WGCNA_yellow","strict_max_mean",0.222200538417918,0.144862400065848,0.127099499746795,0.160546736522267,0.203355990299875,0.145325110196456,0.163715795530992,0.231128181926107,161,"descriptive score_z ~ diagnosis + region",0.999664693788191,FALSE
"AD_GSE5281","hepatic_acute_phase_response_module","strict_median",0.721473140014304,0.14590207167993,1.96115284342251e-06,5.88345853026754e-06,0.557948785558945,0.149254176054654,0.000260189788280843,0.000780569364842528,161,"descriptive score_z ~ diagnosis + region",0.94269798723581,FALSE
"AD_GSE5281","hepatic_complement_coagulation_module","strict_median",0.270702293857375,0.15342051792652,0.0796265812872987,0.119439871930948,0.109508025393804,0.151964198616686,0.472230419067607,0.556490523275814,161,"descriptive score_z ~ diagnosis + region",0.943081944553391,FALSE
"AD_GSE5281","hepatic_ECM_fibrosis_module","strict_median",1.20977119995569,0.127872413172427,4.76296083207918e-17,1.143110599699e-15,1.11234671218688,0.131544759506259,1.91820807544534e-14,4.60369938106882e-13,161,"descriptive score_z ~ diagnosis + region",0.9731986143152,FALSE
"AD_GSE5281","hepatic_endothelial_vascular_activation_module","strict_median",0.85979383937111,0.143428459511942,1.37916069034136e-08,4.72855093831323e-08,0.826247465307612,0.142815578080938,3.87811669259795e-08,1.86149601244702e-07,161,"descriptive score_z ~ diagnosis + region",0.979484330325453,FALSE
"AD_GSE5281","hepatic_inflammatory_module","strict_median",1.11284762155327,0.133844825631266,4.38944259957768e-14,5.26733111949322e-13,1.02325210945129,0.136636310108657,4.92138305090285e-12,5.90565966108342e-11,161,"descriptive score_z ~ diagnosis + region",0.975964372739539,FALSE
"AD_GSE5281","hepatic_lipid_dysregulation_module","strict_median",-0.297970375696231,0.15334000000535,0.0538037939727344,0.0922350753818303,-0.380823427852233,0.150721356433432,0.0125177421520244,0.0250354843040487,161,"descriptive score_z ~ diagnosis + region",0.968781250509757,TRUE
"AD_GSE5281","hepatic_mitochondrial_dysfunction_module","strict_median",-0.942480567428387,0.140276284206275,3.29224821984156e-10,1.58027914552395e-09,-0.817852459575451,0.143805346434173,6.25394066855958e-08,2.50157626742383e-07,161,"descriptive score_z ~ diagnosis + region",0.989771851186853,FALSE
"AD_GSE5281","hepatic_secretome_hepatokine_module","strict_median",0.849846460460425,0.140780492845576,1.11722335041218e-08,4.46889340164872e-08,0.478006139607253,0.152679321400265,0.00208413911330443,0.00555770430214515,161,"descriptive score_z ~ diagnosis + region",0.90150751470012,FALSE
"AD_GSE5281","WGCNA_black","strict_median",-0.194683010559478,0.150798169928592,0.198619936363602,0.238343923636323,-0.0192069333383464,0.151777541798164,0.899463264050918,0.899463264050918,161,"descriptive score_z ~ diagnosis + region",0.977773322398201,FALSE
"AD_GSE5281","WGCNA_blue","strict_median",0.412096546586249,0.136776911142854,0.00302309481112434,0.00659584322427129,0.404125452163318,0.140336912768772,0.0045442532542883,0.00991473437299265,161,"descriptive score_z ~ diagnosis + region",0.99063220637544,FALSE
"AD_GSE5281","WGCNA_brown","strict_median",-0.336677134555612,0.159261205501527,0.036116405427794,0.0666764407897736,-0.286330359480326,0.160434230496651,0.0762625033367989,0.123858700677981,161,"descriptive score_z ~ diagnosis + region",0.969151265210209,FALSE
"AD_GSE5281","WGCNA_cyan","strict_median",-0.271197730433741,0.149536740378261,0.0716758391518186,0.11468134264291,-0.332114367109317,0.153320883997782,0.0318288895616941,0.0587610268831275,161,"descriptive score_z ~ diagnosis + region",0.917411301648568,FALSE
"AD_GSE5281","WGCNA_green","strict_median",-1.03238804237265,0.139448515065933,7.92986782572464e-12,6.34389426057971e-11,-0.870010167704334,0.145244649384081,1.41133883540936e-08,8.46803301245619e-08,161,"descriptive score_z ~ diagnosis + region",0.97898696690219,FALSE
"AD_GSE5281","WGCNA_greenyellow","strict_median",-0.475686657531148,0.140475720703729,0.000897950764564219,0.00215508183495413,-0.4038169386132,0.139241573528108,0.00427262300852125,0.00991473437299265,161,"descriptive score_z ~ diagnosis + region",0.929948013645855,FALSE
"AD_GSE5281","WGCNA_lightcyan","strict_median",0.142173179140066,0.155838291091882,0.363021150820378,0.414881315223289,0.217984706757821,0.155244460412945,0.162278185881463,0.243417278822194,161,"descriptive score_z ~ diagnosis + region",0.828254497626759,FALSE
"AD_GSE5281","WGCNA_magenta","strict_median",-0.241480523699097,0.15634301045046,0.124492951700359,0.160546736522267,-0.203321626324813,0.155098590445928,0.191824153475767,0.270810569612847,161,"descriptive score_z ~ diagnosis + region",0.964218378185325,FALSE
"AD_GSE5281","WGCNA_midnightblue","strict_median",0.25163203860582,0.153412314864461,0.10298444697782,0.1453898074981,0.266979372099253,0.150181288906438,0.0774116879237379,0.123858700677981,161,"descriptive score_z ~ diagnosis + region",0.879265362353405,FALSE
"AD_GSE5281","WGCNA_pink","strict_median",0.624167362411724,0.141813293510229,1.99375725103066e-05,5.31668600274843e-05,0.706214730100709,0.142334187119678,1.82066504380068e-06,6.24228015017376e-06,161,"descriptive score_z ~ diagnosis + region",0.974895854347042,FALSE
"AD_GSE5281","WGCNA_purple","strict_median",-0.0979667751635984,0.156445053577306,0.532101157460506,0.580473989956915,-0.112000949858368,0.156126074411908,0.474222423479129,0.556490523275814,161,"descriptive score_z ~ diagnosis + region",0.973390164076104,FALSE
"AD_GSE5281","WGCNA_red","strict_median",0.923316799557848,0.132153895648672,7.81915386310396e-11,4.69149231786238e-10,0.904080310497196,0.131820667430968,1.56155864061027e-10,1.24924691248821e-09,161,"descriptive score_z ~ diagnosis + region",0.99227331487384,FALSE
"AD_GSE5281","WGCNA_salmon","strict_median",-0.355647476105573,0.150005643800121,0.0189743176856272,0.0379486353712544,-0.0761625771300051,0.155762392732862,0.625556644909864,0.652754759905945,161,"descriptive score_z ~ diagnosis + region",0.902559762061284,TRUE
"AD_GSE5281","WGCNA_tan","strict_median",-0.0230180885728733,0.159013910793253,0.885092217172107,0.885092217172107,0.109059595213349,0.156499640389152,0.486929207866338,0.556490523275814,161,"descriptive score_z ~ diagnosis + region",0.849469526011231,FALSE
"AD_GSE5281","WGCNA_turquoise","strict_median",-0.0390050273966269,0.142979728354801,0.785369220274571,0.819515708112596,-0.130844316379465,0.141630708293618,0.357004832235207,0.476006442980276,161,"descriptive score_z ~ diagnosis + region",0.990523254813068,FALSE
"AD_GSE5281","WGCNA_yellow","strict_median",0.222200538417918,0.144862400065848,0.127099499746795,0.160546736522267,0.0774538659596497,0.153165905293124,0.613795424159257,0.652754759905945,161,"descriptive score_z ~ diagnosis + region",0.967575072903843,FALSE
"AD_GSE33000","hepatic_acute_phase_response_module","strict_max_iqr",0.988612916181226,0.104006425511759,1.08431012148522e-19,4.15652213236001e-19,0.994891655031684,0.103952886188073,6.40730415149623e-20,2.56292166059849e-19,467,"score_z ~ diagnosis + age_z + sex",0.994467543774381,FALSE
"AD_GSE33000","hepatic_complement_coagulation_module","strict_max_iqr",1.02093950709312,0.0996339017694841,2.40980785365382e-22,2.7712790317019e-21,1.06088699535781,0.0990370360473629,4.52760699067202e-24,5.43312838880643e-23,467,"score_z ~ diagnosis + age_z + sex",0.994412848940178,FALSE
"AD_GSE33000","hepatic_ECM_fibrosis_module","strict_max_iqr",1.04971677403939,0.104557265642731,1.36815485251235e-21,1.04891872025947e-20,1.06871471108148,0.103107658808043,8.87074790840747e-23,7.09659832672598e-22,467,"score_z ~ diagnosis + age_z + sex",0.992839716368521,FALSE
"AD_GSE33000","hepatic_endothelial_vascular_activation_module","strict_max_iqr",0.993211697953335,0.104781098048524,1.34026697967581e-19,4.40373436179196e-19,1.04990033172772,0.103062932673595,3.99021057750752e-22,2.39412634650451e-21,467,"score_z ~ diagnosis + age_z + sex",0.994492931841389,FALSE
"AD_GSE33000","hepatic_inflammatory_module","strict_max_iqr",1.03087932471304,0.106102249127364,1.97066044134605e-20,9.06503803019185e-20,1.04457776231213,0.105456054878462,4.16518880801022e-21,1.99929062784491e-20,467,"score_z ~ diagnosis + age_z + sex",0.996397747672457,FALSE
"AD_GSE33000","hepatic_lipid_dysregulation_module","strict_max_iqr",0.237918279401441,0.123473427507689,0.0546064216105311,0.0627973848521108,0.180093736287365,0.126349607911954,0.154726808048093,0.176830637769249,467,"score_z ~ diagnosis + age_z + sex",0.957454419076314,FALSE
"AD_GSE33000","hepatic_mitochondrial_dysfunction_module","strict_max_iqr",-1.18975145294797,0.104963021111511,1.88286889049975e-26,4.33059844814942e-25,-1.19142020168846,0.103979730879431,6.23567269792734e-27,1.49656144750256e-25,467,"score_z ~ diagnosis + age_z + sex",0.997568173466494,FALSE
"AD_GSE33000","hepatic_secretome_hepatokine_module","strict_max_iqr",0.889414320162789,0.11051969016125,7.16737839274186e-15,1.64849703033063e-14,0.986951241699057,0.106717541666073,8.40623968567508e-19,2.88213932080289e-18,467,"score_z ~ diagnosis + age_z + sex",0.983913494259346,FALSE
"AD_GSE33000","WGCNA_black","strict_max_iqr",0.20497332213437,0.132009063579659,0.121172914195674,0.132713191738119,0.173226017125336,0.132924203724928,0.193156252089629,0.201554350006569,467,"score_z ~ diagnosis + age_z + sex",0.986594304472642,FALSE
"AD_GSE33000","WGCNA_blue","strict_max_iqr",0.506325419721123,0.12435709936817,5.49247380336966e-05,7.43099396926484e-05,0.485542941677628,0.125025280399221,0.000117923220894575,0.00016647984126293,467,"score_z ~ diagnosis + age_z + sex",0.998469174873207,FALSE
"AD_GSE33000","WGCNA_brown","strict_max_iqr",0.0954658238672029,0.12618240010403,0.449692287410528,0.449692287410528,-0.0881561262261617,0.129360678370892,0.495911412672994,0.495911412672994,467,"score_z ~ diagnosis + age_z + sex",0.949761122446114,FALSE
"AD_GSE33000","WGCNA_cyan","strict_max_iqr",-0.618112971975582,0.11799721840472,2.46453758969739e-07,4.04888318307428e-07,-0.565997301600152,0.123691887751142,6.09905024766376e-06,9.75848039626202e-06,467,"score_z ~ diagnosis + age_z + sex",0.703747570532708,FALSE
"AD_GSE33000","WGCNA_green","strict_max_iqr",-0.986868284071845,0.112329946841959,3.05197743546431e-17,7.79949789063102e-17,-0.975146792667066,0.112471257922025,7.32002874732928e-17,1.75680689935903e-16,467,"score_z ~ diagnosis + age_z + sex",0.99431915723651,FALSE
"AD_GSE33000","WGCNA_greenyellow","strict_max_iqr",-0.589677444728654,0.125868250701686,3.68769751307102e-06,5.30106517503958e-06,-0.739900761384757,0.119031407801738,1.13893645706682e-09,2.27787291413364e-09,467,"score_z ~ diagnosis + age_z + sex",0.963954586076839,FALSE
"AD_GSE33000","WGCNA_lightcyan","strict_max_iqr",-0.548375598208872,0.116974743714749,3.63470981291775e-06,5.30106517503958e-06,-0.574269977814542,0.123926601351787,4.6705214996049e-06,8.00660828503698e-06,467,"score_z ~ diagnosis + age_z + sex",0.665597442582209,FALSE
"AD_GSE33000","WGCNA_magenta","strict_max_iqr",-0.789593902138389,0.116545448083969,3.79194126428394e-11,7.9286044616846e-11,-0.81283918017777,0.115279608626106,6.49564369372547e-12,1.41723135135828e-11,467,"score_z ~ diagnosis + age_z + sex",0.858700774716274,FALSE
"AD_GSE33000","WGCNA_pink","strict_max_iqr",0.694060777158554,0.121898969438747,2.21032947411584e-08,3.91058291574341e-08,0.648491210661455,0.124512577976482,2.87402718667351e-07,5.30589634462802e-07,467,"score_z ~ diagnosis + age_z + sex",0.988993097198722,FALSE
"AD_GSE33000","WGCNA_purple","strict_max_iqr",-1.09960246314571,0.113096156380864,1.8640830514923e-20,9.06503803019185e-20,-1.03169535212559,0.116300012929422,1.58624617190766e-17,4.22998979175377e-17,467,"score_z ~ diagnosis + age_z + sex",0.927858435524131,FALSE
"AD_GSE33000","WGCNA_red","strict_max_iqr",0.936372779631634,0.103901336229342,5.33669110638283e-18,1.53429869308506e-17,0.937000109336983,0.103849093553529,4.91615094189314e-18,1.47484528256794e-17,467,"score_z ~ diagnosis + age_z + sex",0.99830456715591,FALSE
"AD_GSE33000","WGCNA_salmon","strict_max_iqr",-0.250996276117524,0.128342171948921,0.0511038363588924,0.0618625387502382,-0.420139089017257,0.128954215541774,0.00120430878007394,0.00160574504009858,467,"score_z ~ diagnosis + age_z + sex",0.660445360341507,TRUE
"AD_GSE33000","WGCNA_tan","strict_max_iqr",-0.790938488998454,0.118938300009637,8.27906296286211e-11,1.58682040121524e-10,-0.405285153592985,0.131377091523795,0.00215808432509521,0.00258970119011426,467,"score_z ~ diagnosis + age_z + sex",0.762573193334802,FALSE
"AD_GSE33000","WGCNA_turquoise","strict_max_iqr",-0.137799250303265,0.127677304784449,0.281025927517941,0.293799833314211,-0.176538846465373,0.128211590410944,0.169198160108105,0.184579811027024,467,"score_z ~ diagnosis + age_z + sex",0.998022619973131,FALSE
"AD_GSE33000","WGCNA_yellow","strict_max_iqr",0.366690669688484,0.125381086839183,0.00361814735706748,0.00462318828958623,0.403399853904975,0.12584836826905,0.00144178408531451,0.00182120094987096,467,"score_z ~ diagnosis + age_z + sex",0.998171297426618,FALSE
"AD_GSE33000","hepatic_acute_phase_response_module","strict_max_mean",0.988612916181226,0.104006425511759,1.08431012148522e-19,4.15652213236001e-19,0.989875786482233,0.103859352579253,8.8232357454395e-20,3.5292942981758e-19,467,"score_z ~ diagnosis + age_z + sex",0.998915418339644,FALSE
"AD_GSE33000","hepatic_complement_coagulation_module","strict_max_mean",1.02093950709312,0.0996339017694841,2.40980785365382e-22,2.7712790317019e-21,1.01938323803087,0.0998715019120603,3.37377287493473e-22,2.69901829994778e-21,467,"score_z ~ diagnosis + age_z + sex",0.999722087008643,FALSE
"AD_GSE33000","hepatic_ECM_fibrosis_module","strict_max_mean",1.04971677403939,0.104557265642731,1.36815485251235e-21,1.04891872025947e-20,1.07150975019333,0.103522382125339,1.00343119617735e-22,1.20411743541282e-21,467,"score_z ~ diagnosis + age_z + sex",0.998921021351711,FALSE
"AD_GSE33000","hepatic_endothelial_vascular_activation_module","strict_max_mean",0.993211697953335,0.104781098048524,1.34026697967581e-19,4.40373436179196e-19,1.01884766571976,0.103771479723806,8.53487879071074e-21,5.12092727442644e-20,467,"score_z ~ diagnosis + age_z + sex",0.997817315964796,FALSE
"AD_GSE33000","hepatic_inflammatory_module","strict_max_mean",1.03087932471304,0.106102249127364,1.97066044134605e-20,9.06503803019185e-20,1.02754580799354,0.10591333469437,2.21143968733611e-20,1.06149104992133e-19,467,"score_z ~ diagnosis + age_z + sex",0.999199679687867,FALSE
"AD_GSE33000","hepatic_lipid_dysregulation_module","strict_max_mean",0.237918279401441,0.123473427507689,0.0546064216105311,0.0627973848521108,0.35512912134246,0.122700115494891,0.00397968467001747,0.00454821105144854,467,"score_z ~ diagnosis + age_z + sex",0.989911296915658,TRUE
"AD_GSE33000","hepatic_mitochondrial_dysfunction_module","strict_max_mean",-1.18975145294797,0.104963021111511,1.88286889049975e-26,4.33059844814942e-25,-1.18748547920951,0.104753293195427,1.86506986438202e-26,4.47616767451685e-25,467,"score_z ~ diagnosis + age_z + sex",0.999058895053064,FALSE
"AD_GSE33000","hepatic_secretome_hepatokine_module","strict_max_mean",0.889414320162789,0.11051969016125,7.16737839274186e-15,1.64849703033063e-14,0.94615914696715,0.108969181297934,6.65360471437076e-17,1.59686513144898e-16,467,"score_z ~ diagnosis + age_z + sex",0.996199442354974,FALSE
"AD_GSE33000","WGCNA_black","strict_max_mean",0.20497332213437,0.132009063579659,0.121172914195674,0.132713191738119,0.222672678768379,0.13288964191284,0.0944875838371995,0.103077364186036,467,"score_z ~ diagnosis + age_z + sex",0.989060766029162,FALSE
"AD_GSE33000","WGCNA_blue","strict_max_mean",0.506325419721123,0.12435709936817,5.49247380336966e-05,7.43099396926484e-05,0.477090330826548,0.12506055292957,0.000154726269870198,0.000206301693160264,467,"score_z ~ diagnosis + age_z + sex",0.998610544332907,FALSE
"AD_GSE33000","WGCNA_brown","strict_max_mean",0.0954658238672029,0.12618240010403,0.449692287410528,0.449692287410528,0.0215598971810211,0.128813994560058,0.867150179634981,0.867150179634981,467,"score_z ~ diagnosis + age_z + sex",0.976900506295369,FALSE
"AD_GSE33000","WGCNA_cyan","strict_max_mean",-0.618112971975582,0.11799721840472,2.46453758969739e-07,4.04888318307428e-07,-0.632632079444002,0.121799268113218,3.08891074405833e-07,5.70260445056923e-07,467,"score_z ~ diagnosis + age_z + sex",0.730538781125735,FALSE
"AD_GSE33000","WGCNA_green","strict_max_mean",-0.986868284071845,0.112329946841959,3.05197743546431e-17,7.79949789063102e-17,-0.986777277906076,0.112137389632163,2.73706826842883e-17,7.29884871581021e-17,467,"score_z ~ diagnosis + age_z + sex",0.995689754825827,FALSE
"AD_GSE33000","WGCNA_greenyellow","strict_max_mean",-0.589677444728654,0.125868250701686,3.68769751307102e-06,5.30106517503958e-06,-0.676481528980048,0.121446399610665,4.32141521617867e-08,8.64283043235734e-08,467,"score_z ~ diagnosis + age_z + sex",0.977374184556652,FALSE
"AD_GSE33000","WGCNA_lightcyan","strict_max_mean",-0.548375598208872,0.116974743714749,3.63470981291775e-06,5.30106517503958e-06,-0.560855507307002,0.122382905407144,5.90884576636453e-06,9.45415322618326e-06,467,"score_z ~ diagnosis + age_z + sex",0.709883715964521,FALSE
"AD_GSE33000","WGCNA_magenta","strict_max_mean",-0.789593902138389,0.116545448083969,3.79194126428394e-11,7.9286044616846e-11,-0.776527063406297,0.117133498641354,9.40405433050766e-11,2.05179367211076e-10,467,"score_z ~ diagnosis + age_z + sex",0.91115809486417,FALSE
"AD_GSE33000","WGCNA_pink","strict_max_mean",0.694060777158554,0.121898969438747,2.21032947411584e-08,3.91058291574341e-08,0.625916431533868,0.125655255440303,8.93686871874144e-07,1.53203463749853e-06,467,"score_z ~ diagnosis + age_z + sex",0.99118579203978,FALSE
"AD_GSE33000","WGCNA_purple","strict_max_mean",-1.09960246314571,0.113096156380864,1.8640830514923e-20,9.06503803019185e-20,-1.04098126494643,0.115736281103976,6.1222023329197e-18,2.09904079985818e-17,467,"score_z ~ diagnosis + age_z + sex",0.949386042123598,FALSE
"AD_GSE33000","WGCNA_red","strict_max_mean",0.936372779631634,0.103901336229342,5.33669110638283e-18,1.53429869308506e-17,0.933479700262482,0.104020617420502,7.17183706289105e-18,2.15155111886731e-17,467,"score_z ~ diagnosis + age_z + sex",0.99870325277954,FALSE
"AD_GSE33000","WGCNA_salmon","strict_max_mean",-0.250996276117524,0.128342171948921,0.0511038363588924,0.0618625387502382,-0.486043243975339,0.127339006687486,0.000153486636321728,0.000206301693160264,467,"score_z ~ diagnosis + age_z + sex",0.663116966647857,TRUE
"AD_GSE33000","WGCNA_tan","strict_max_mean",-0.790938488998454,0.118938300009637,8.27906296286211e-11,1.58682040121524e-10,-0.479297850534,0.12921822337242,0.000233133968297112,0.000294485012585825,467,"score_z ~ diagnosis + age_z + sex",0.792219112620212,FALSE
"AD_GSE33000","WGCNA_turquoise","strict_max_mean",-0.137799250303265,0.127677304784449,0.281025927517941,0.293799833314211,-0.149243733048091,0.127807188672897,0.243518425822603,0.254106183467064,467,"score_z ~ diagnosis + age_z + sex",0.998914220685582,FALSE
"AD_GSE33000","WGCNA_yellow","strict_max_mean",0.366690669688484,0.125381086839183,0.00361814735706748,0.00462318828958623,0.378581636250107,0.125739096455522,0.00274757678565848,0.00329709214279017,467,"score_z ~ diagnosis + age_z + sex",0.998604831933146,FALSE
"AD_GSE33000","hepatic_acute_phase_response_module","strict_median",0.988612916181226,0.104006425511759,1.08431012148522e-19,4.15652213236001e-19,1.01452656481671,0.103154432124809,7.43239362601758e-21,3.56754894048844e-20,467,"score_z ~ diagnosis + age_z + sex",0.995671724788719,FALSE
"AD_GSE33000","hepatic_complement_coagulation_module","strict_median",1.02093950709312,0.0996339017694841,2.40980785365382e-22,2.7712790317019e-21,1.03594008456168,0.0997164846063062,7.24576905816033e-23,5.79661524652826e-22,467,"score_z ~ diagnosis + age_z + sex",0.99569933543898,FALSE
"AD_GSE33000","hepatic_ECM_fibrosis_module","strict_median",1.04971677403939,0.104557265642731,1.36815485251235e-21,1.04891872025947e-20,1.0770083022782,0.103124182671278,4.53838203915654e-23,5.44605844698785e-22,467,"score_z ~ diagnosis + age_z + sex",0.994037278749636,FALSE
"AD_GSE33000","hepatic_endothelial_vascular_activation_module","strict_median",0.993211697953335,0.104781098048524,1.34026697967581e-19,4.40373436179196e-19,1.03528631848477,0.103303425193538,1.58700171740994e-21,9.52201030445966e-21,467,"score_z ~ diagnosis + age_z + sex",0.995250419967589,FALSE
"AD_GSE33000","hepatic_inflammatory_module","strict_median",1.03087932471304,0.106102249127364,1.97066044134605e-20,9.06503803019185e-20,1.03427220767446,0.105628205896825,1.06118023489731e-20,4.24472093958923e-20,467,"score_z ~ diagnosis + age_z + sex",0.997127034415334,FALSE
"AD_GSE33000","hepatic_lipid_dysregulation_module","strict_median",0.237918279401441,0.123473427507689,0.0546064216105311,0.0627973848521108,0.161623253701222,0.125818418843057,0.199583004329427,0.209572540508461,467,"score_z ~ diagnosis + age_z + sex",0.962158186477556,FALSE
"AD_GSE33000","hepatic_mitochondrial_dysfunction_module","strict_median",-1.18975145294797,0.104963021111511,1.88286889049975e-26,4.33059844814942e-25,-1.18623807236096,0.104306334242985,1.34396016491808e-26,3.2255043958034e-25,467,"score_z ~ diagnosis + age_z + sex",0.998535576394005,FALSE
"AD_GSE33000","hepatic_secretome_hepatokine_module","strict_median",0.889414320162789,0.11051969016125,7.16737839274186e-15,1.64849703033063e-14,0.996757677579928,0.107066550418033,5.1695644391804e-19,1.55086933175412e-18,467,"score_z ~ diagnosis + age_z + sex",0.987639798837887,FALSE
"AD_GSE33000","WGCNA_black","strict_median",0.20497332213437,0.132009063579659,0.121172914195674,0.132713191738119,0.171241307870693,0.133679450428865,0.200840351320609,0.209572540508461,467,"score_z ~ diagnosis + age_z + sex",0.985885533790869,FALSE
"AD_GSE33000","WGCNA_blue","strict_median",0.506325419721123,0.12435709936817,5.49247380336966e-05,7.43099396926484e-05,0.476414139026534,0.125309813751002,0.000162804962813582,0.000229842300442704,467,"score_z ~ diagnosis + age_z + sex",0.998634983227476,FALSE
"AD_GSE33000","WGCNA_brown","strict_median",0.0954658238672029,0.12618240010403,0.449692287410528,0.449692287410528,-0.0445962965931424,0.129209389375435,0.730140233877839,0.730140233877839,467,"score_z ~ diagnosis + age_z + sex",0.953756688748443,FALSE
"AD_GSE33000","WGCNA_cyan","strict_median",-0.618112971975582,0.11799721840472,2.46453758969739e-07,4.04888318307428e-07,-0.565400933277225,0.12358618491938,6.12451495919899e-06,9.79922393471838e-06,467,"score_z ~ diagnosis + age_z + sex",0.705210996182853,FALSE
"AD_GSE33000","WGCNA_green","strict_median",-0.986868284071845,0.112329946841959,3.05197743546431e-17,7.79949789063102e-17,-0.950349929367648,0.112904759789066,4.85187743627087e-16,1.16445058470501e-15,467,"score_z ~ diagnosis + age_z + sex",0.994064424468701,FALSE
"AD_GSE33000","WGCNA_greenyellow","strict_median",-0.589677444728654,0.125868250701686,3.68769751307102e-06,5.30106517503958e-06,-0.724464640492725,0.119032470607956,2.42621848185757e-09,4.85243696371513e-09,467,"score_z ~ diagnosis + age_z + sex",0.966762970064395,FALSE
"AD_GSE33000","WGCNA_lightcyan","strict_median",-0.548375598208872,0.116974743714749,3.63470981291775e-06,5.30106517503958e-06,-0.626967124971782,0.118541406165805,1.90026279330915e-07,3.50817746457074e-07,467,"score_z ~ diagnosis + age_z + sex",0.786600382323463,FALSE
"AD_GSE33000","WGCNA_magenta","strict_median",-0.789593902138389,0.116545448083969,3.79194126428394e-11,7.9286044616846e-11,-0.826070955021231,0.115282461587655,3.07315196384154e-12,6.70505883019973e-12,467,"score_z ~ diagnosis + age_z + sex",0.876450696960561,FALSE
"AD_GSE33000","WGCNA_pink","strict_median",0.694060777158554,0.121898969438747,2.21032947411584e-08,3.91058291574341e-08,0.612565114400564,0.126248992176282,1.67257349554332e-06,2.86726884950284e-06,467,"score_z ~ diagnosis + age_z + sex",0.988137090188548,FALSE
"AD_GSE33000","WGCNA_purple","strict_median",-1.09960246314571,0.113096156380864,1.8640830514923e-20,9.06503803019185e-20,-1.09083784114385,0.114607487586178,9.78814908276596e-20,3.3559368283769e-19,467,"score_z ~ diagnosis + age_z + sex",0.951914579142849,FALSE
"AD_GSE33000","WGCNA_red","strict_median",0.936372779631634,0.103901336229342,5.33669110638283e-18,1.53429869308506e-17,0.930990337781872,0.104293171603466,1.03357797545554e-17,2.75620793454811e-17,467,"score_z ~ diagnosis + age_z + sex",0.998283781590646,FALSE
"AD_GSE33000","WGCNA_salmon","strict_median",-0.250996276117524,0.128342171948921,0.0511038363588924,0.0618625387502382,-0.425453855656917,0.128821049500431,0.00103184368861172,0.00137579158481563,467,"score_z ~ diagnosis + age_z + sex",0.662069181652733,TRUE
"AD_GSE33000","WGCNA_tan","strict_median",-0.790938488998454,0.118938300009637,8.27906296286211e-11,1.58682040121524e-10,-0.409094754354636,0.13122728931713,0.00193778885536734,0.00232534662644081,467,"score_z ~ diagnosis + age_z + sex",0.767597467584449,FALSE
"AD_GSE33000","WGCNA_turquoise","strict_median",-0.137799250303265,0.127677304784449,0.281025927517941,0.293799833314211,-0.167221833491186,0.128242348133327,0.192897941565912,0.209572540508461,467,"score_z ~ diagnosis + age_z + sex",0.998475988170605,FALSE
"AD_GSE33000","WGCNA_yellow","strict_median",0.366690669688484,0.125381086839183,0.00361814735706748,0.00462318828958623,0.39306223224799,0.126007209332479,0.00192552210864021,0.00232534662644081,467,"score_z ~ diagnosis + age_z + sex",0.998456967172733,FALSE
