"GEO_accession","GPL","tissue","disease","download_object","expression_matrix_source","raw_or_processed","technology","original_paper_preprocessing","GEO_metadata_preprocessing","min","Q1","median","Q3","max","has_negative","suspected_log2_scale","suspected_already_quantile_normalized","old_code_transformation","audited_main_processing","additional_quantile_normalization_in_main","final_sample_n","final_gene_n","removed_samples_and_reason","missing_fraction","missing_value_handling","mapping_strategy","notes"
"GSE135251","GPL18573","liver","MASLD","downloaded supplementary expression table","04_intermediate/expression_matrices/liver_GSE135251/expression_matrix_raw.rds","supplementary raw gene counts","RNA-seq","STAR GRCh38; HTSeq-count; supplementary gene-level counts","STAR GRCh38; HTSeq-count; supplementary gene-level counts",0,0,13,256,6973101,FALSE,"no (count/FPKM input)","not applicable","log2(count+1) because max>1000","TMM library-size normalization followed by edgeR logCPM (prior.count=1)",FALSE,216,27011,"0",0,"feature-median imputation: 0 cells (0)","gene symbols supplied by expression table; duplicate symbols collapsed by prespecified feature rule where needed","No raw file was modified; all audited matrices were written to the versioned v9 directory."
"GSE167523","GPL21290","liver","MASLD","downloaded supplementary expression table","04_intermediate/expression_matrices/liver_GSE167523/expression_matrix_raw.rds","supplementary raw gene counts","RNA-seq","TopHat/Bowtie2 hg19; Cufflinks FPKM also reported; project input is supplementary raw count matrix","TopHat/Bowtie2 hg19; Cufflinks FPKM also reported; project input is supplementary raw count matrix",0,1,33,238,2679129,FALSE,"no (count/FPKM input)","not applicable","log2(count+1) because max>1000","TMM library-size normalization followed by edgeR logCPM (prior.count=1)",FALSE,98,22780,"0",0,"feature-median imputation: 0 cells (0)","gene symbols supplied by expression table; duplicate symbols collapsed by prespecified feature rule where needed","No raw file was modified; all audited matrices were written to the versioned v9 directory."
"GSE126848","GPL18573","liver","MASLD","downloaded supplementary expression table","04_intermediate/expression_matrices/liver_GSE126848/expression_matrix_raw.rds","supplementary raw gene counts","RNA-seq","STAR GRCh38; protein-coding filtering; supplementary count table","STAR GRCh38; protein-coding filtering; supplementary count table",0,5,78,352,8325198,FALSE,"no (count/FPKM input)","not applicable","log2(count+1) because max>1000","TMM library-size normalization followed by edgeR logCPM (prior.count=1)",FALSE,57,17570,"0",0,"feature-median imputation: 0 cells (0)","gene symbols supplied by expression table; duplicate symbols collapsed by prespecified feature rule where needed","No raw file was modified; all audited matrices were written to the versioned v9 directory."
"GSE98793","GPL570","blood","MDD","GEO series/project-cached processed matrix","04_intermediate/expression_matrices/MDD_GSE98793/expression_matrix_gene_level.rds","GEO processed matrix","microarray","RMA with Bioconductor affy default parameters","RMA with Bioconductor affy default parameters",1.261994937,3.917226666,5.712947875,8.03204730925,13.99708081,FALSE,"yes","yes/report indicates normalized","additional quantile normalization despite reported RMA","retain GEO RMA processed values; no second quantile normalization",FALSE,192,20823,"0",0,"feature-median imputation: 0 cells (0)","final main: one-to-one official gene symbols only; ambiguous/unmapped probes removed; highest cross-sample IQR probe retained per gene","No raw file was modified; all audited matrices were written to the versioned v9 directory."
"GSE102556","GPL11154","brain (6 regions)","MDD","downloaded supplementary expression table","04_intermediate/expression_matrices/MDD_GSE102556/expression_matrix_raw.rds","supplementary FPKM matrix","RNA-seq","TopHat hg19/GENCODE; HTSeq counts; provided supplementary FPKM matrix","TopHat hg19/GENCODE; HTSeq counts; provided supplementary FPKM matrix",0,0,0.0906800768252638,1.49009024812253,69169.7883915219,FALSE,"no (count/FPKM input)","not applicable","log2(FPKM+1) before generic RNA-seq branch","log2(FPKM+1); no quantile normalization",FALSE,263,52378,"0",0,"feature-median imputation: 0 cells (0)","gene symbols supplied by expression table; duplicate symbols collapsed by prespecified feature rule where needed","No raw file was modified; all audited matrices were written to the versioned v9 directory."
"GSE48350","GPL570","brain (4 regions)","AD","GEO series/project-cached processed matrix","04_intermediate/expression_matrices/AD_GSE48350/expression_matrix_gene_level.rds","GEO processed matrix","microarray","GC-RMA or PLIER; values <0.01 set to 0.01; per-chip 50th percentile and per-gene median normalization","GC-RMA or PLIER; values <0.01 set to 0.01; per-chip 50th percentile and per-gene median normalization",0.01,0.67249302,0.9121798,1.14207525,1438.7626,FALSE,"no; positive processed scale","yes/report indicates normalized","additional quantile normalization despite reported GC-RMA/PLIER normalization","retain GEO GC-RMA/PLIER processed values; no second quantile normalization",FALSE,253,20823,"0",0,"feature-median imputation: 0 cells (0)","final main: one-to-one official gene symbols only; ambiguous/unmapped probes removed; highest cross-sample IQR probe retained per gene","No raw file was modified; all audited matrices were written to the versioned v9 directory."
"GSE5281","GPL570","brain (5 regions)","AD","GEO series/project-cached processed matrix","04_intermediate/expression_matrices/AD_GSE5281/expression_matrix_gene_level.rds","GEO processed matrix","microarray","MAS5.0 with target scaling to 150","MAS5.0 with target scaling to 150",0.06781288,27.3833,103.41442,334.73586,143749.83,FALSE,"no; positive processed scale","MAS5 target-scaled, not assumed quantile-normalized","additional quantile normalization despite MAS5 target scaling","retain GEO MAS5 target-scaled processed values; no second quantile normalization",FALSE,161,20823,"0",0,"feature-median imputation: 0 cells (0)","final main: one-to-one official gene symbols only; ambiguous/unmapped probes removed; highest cross-sample IQR probe retained per gene","No raw file was modified; all audited matrices were written to the versioned v9 directory."
"GSE33000","GPL4372","brain (DLPFC)","AD","GEO series/project-cached processed matrix","04_intermediate/expression_matrices/AD_GSE33000/expression_matrix_gene_level.rds","GEO processed Rosetta expression matrix","custom two-color microarray","Rosetta Resolver error modeling and error-weighted squeeze summarization","Rosetta Resolver error modeling and error-weighted squeeze summarization",-2,-0.05939743,0.005752771,0.0686,2,TRUE,"yes","processed by Rosetta; no evidence supporting another quantile normalization","additional quantile normalization of Rosetta-processed values","retain GEO Rosetta processed values; no second quantile normalization",FALSE,467,19866,"157 Huntington disease samples excluded from AD-control modeling (624 downloaded/processed; 467 analyzed)",2.58730544567948e-05,"feature-median imputation: 281 cells (2.59e-05)","final main: one-to-one official gene symbols only; ambiguous/unmapped probes removed; highest cross-sample IQR probe retained per gene","No raw file was modified; all audited matrices were written to the versioned v9 directory. Strict mapping was promoted to the final main analysis because the prespecified stability rule failed in GSE33000; legacy first-symbol/highest-mean mapping is sensitivity only."
"GSE144136","GPL20301","brain DLPFC","MDD marker resource","published supplementary between-cluster marker table and project metadata","01_raw_data/single_cell_snRNA/GSE144136/expression_matrix.rds (0-feature placeholder); marker analysis used external supplementary table","published processed marker result","single-nucleus RNA-seq","10x single-nucleus RNA-seq; published cluster marker analysis used as an annotation resource","full count matrix not represented by the 0-feature project placeholder",,,,,,,"not evaluable","not applicable","no module-score expression transformation; marker table filters only","retain role as published marker resource; do not treat 34 GEO entries as a full expression matrix or nuclei",FALSE,34,,"not applicable",,"not applicable","reported gene symbols in supplementary marker table","Not used in AD/MDD module-effect modeling."
