"dataset","module","beta","SE","df","CI_low","CI_high","P","sample_n","donor_n","formula","mapping","BH_FDR"
"GSE48350","hepatic_inflammatory_module",0.122631410360638,0.185303784542882,84.000463019131,-0.245865457231953,0.49112827795323,0.509919910513168,253,84,"score_z ~ diagnosis + region + age_z + sex + (1 | donor_id)","strict one-to-one official symbol; highest-IQR probe",0.719886932489178
"GSE48350","hepatic_complement_coagulation_module",-0.0154607742986253,0.181377765294497,82.8869280793124,-0.376221132678832,0.345299584081581,0.932275565611004,253,84,"score_z ~ diagnosis + region + age_z + sex + (1 | donor_id)","strict one-to-one official symbol; highest-IQR probe",0.957468445693146
"GSE48350","hepatic_lipid_dysregulation_module",-0.34778414165745,0.198732195938848,85.0183837201139,-0.742915755594608,0.047347472279707,0.08372382115432,253,84,"score_z ~ diagnosis + region + age_z + sex + (1 | donor_id)","strict one-to-one official symbol; highest-IQR probe",0.367011487275547
"GSE48350","hepatic_ECM_fibrosis_module",0.0925254444316413,0.176043828186959,78.5232169763136,-0.257914115272091,0.442965004135373,0.60065985415456,253,84,"score_z ~ diagnosis + region + age_z + sex + (1 | donor_id)","strict one-to-one official symbol; highest-IQR probe",0.77133064313546
"GSE48350","hepatic_mitochondrial_dysfunction_module",-0.487757498961012,0.201187366044611,79.8141743028381,-0.888147427636757,-0.0873675702852677,0.0175940039391279,253,84,"score_z ~ diagnosis + region + age_z + sex + (1 | donor_id)","strict one-to-one official symbol; highest-IQR probe",0.105564023634767
"GSE48350","hepatic_acute_phase_response_module",0.0322265411510222,0.182597611321713,83.8805538213121,-0.330896388760547,0.395349471062592,0.860334908171781,253,84,"score_z ~ diagnosis + region + age_z + sex + (1 | donor_id)","strict one-to-one official symbol; highest-IQR probe",0.938547172551034
"GSE48350","hepatic_endothelial_vascular_activation_module",-0.0445849541061255,0.199326679402879,82.2395909764652,-0.441091921581298,0.351922013369047,0.823562726719654,253,84,"score_z ~ diagnosis + region + age_z + sex + (1 | donor_id)","strict one-to-one official symbol; highest-IQR probe",0.938547172551034
"GSE48350","hepatic_secretome_hepatokine_module",0.11217285397541,0.163053978318104,79.8395225163167,-0.212324916861106,0.436670624811925,0.493478684461714,253,84,"score_z ~ diagnosis + region + age_z + sex + (1 | donor_id)","strict one-to-one official symbol; highest-IQR probe",0.719886932489178
"GSE48350","WGCNA_turquoise",0.158370542389247,0.207513997997909,77.2147504653278,-0.254824278781445,0.571565363559939,0.447681503209886,253,84,"score_z ~ diagnosis + region + age_z + sex + (1 | donor_id)","strict one-to-one official symbol; highest-IQR probe",0.716290405135817
"GSE48350","WGCNA_red",0.0892542895642865,0.174634319583917,83.3951085229357,-0.258062012954973,0.436570592083546,0.610636759148906,253,84,"score_z ~ diagnosis + region + age_z + sex + (1 | donor_id)","strict one-to-one official symbol; highest-IQR probe",0.77133064313546
"GSE48350","WGCNA_brown",-0.285454235060305,0.211692634660863,73.8570089205349,-0.707274586791977,0.136366116671368,0.18163843923937,253,84,"score_z ~ diagnosis + region + age_z + sex + (1 | donor_id)","strict one-to-one official symbol; highest-IQR probe",0.484369171304985
"GSE48350","WGCNA_yellow",-0.475376427284004,0.189477071374994,68.3832242149556,-0.853433673903568,-0.0973191806644393,0.0144861993657929,253,84,"score_z ~ diagnosis + region + age_z + sex + (1 | donor_id)","strict one-to-one official symbol; highest-IQR probe",0.105564023634767
"GSE48350","WGCNA_blue",-0.277615138668159,0.192901151310483,78.00383057633,-0.661651533274899,0.106421255938581,0.154106762044117,253,84,"score_z ~ diagnosis + region + age_z + sex + (1 | donor_id)","strict one-to-one official symbol; highest-IQR probe",0.462320286132351
"GSE48350","WGCNA_pink",-0.00885555512673853,0.165461484683714,70.6167250752477,-0.338807418933524,0.321096308680047,0.957468445693146,253,84,"score_z ~ diagnosis + region + age_z + sex + (1 | donor_id)","strict one-to-one official symbol; highest-IQR probe",0.957468445693146
"GSE48350","WGCNA_black",0.189808596344003,0.17627961160394,81.0676010918298,-0.160928102261062,0.540545294949068,0.284787037296778,253,84,"score_z ~ diagnosis + region + age_z + sex + (1 | donor_id)","strict one-to-one official symbol; highest-IQR probe",0.569574074593556
"GSE48350","WGCNA_green",-0.564116713783556,0.187929052380717,77.1114719608762,-0.938322632500269,-0.189910795066844,0.0036160028003922,253,84,"score_z ~ diagnosis + region + age_z + sex + (1 | donor_id)","strict one-to-one official symbol; highest-IQR probe",0.0543483535329741
"GSE48350","WGCNA_purple",0.16514581500278,0.13808454511001,58.5928655608219,-0.111200898455145,0.441492528460704,0.236523452568579,253,84,"score_z ~ diagnosis + region + age_z + sex + (1 | donor_id)","strict one-to-one official symbol; highest-IQR probe",0.516051169240537
"GSE48350","WGCNA_magenta",0.0529797279818524,0.151487097912948,77.7680178094451,-0.24862208771996,0.354581543683665,0.72748595475379,253,84,"score_z ~ diagnosis + region + age_z + sex + (1 | donor_id)","strict one-to-one official symbol; highest-IQR probe",0.872983145704548
"GSE48350","WGCNA_greenyellow",-0.262733400900246,0.15409588266779,87.248846925701,-0.569003336789666,0.043536534989175,0.0917528718188867,253,84,"score_z ~ diagnosis + region + age_z + sex + (1 | donor_id)","strict one-to-one official symbol; highest-IQR probe",0.367011487275547
"GSE48350","WGCNA_salmon",0.271501923746866,0.169891140506247,83.0195500742599,-0.0664035449367893,0.609407392430521,0.113821544404474,253,84,"score_z ~ diagnosis + region + age_z + sex + (1 | donor_id)","strict one-to-one official symbol; highest-IQR probe",0.390245295101055
"GSE48350","WGCNA_cyan",0.457316851727937,0.155750177638625,68.0419795362607,0.146525683143718,0.768108020312155,0.00452902946108117,253,84,"score_z ~ diagnosis + region + age_z + sex + (1 | donor_id)","strict one-to-one official symbol; highest-IQR probe",0.0543483535329741
"GSE48350","WGCNA_tan",0.125099578482212,0.153895120403259,70.2742262126877,-0.181813505092046,0.43201266205647,0.419027429650961,253,84,"score_z ~ diagnosis + region + age_z + sex + (1 | donor_id)","strict one-to-one official symbol; highest-IQR probe",0.716290405135817
"GSE48350","WGCNA_lightcyan",0.178978729071901,0.202109778702591,80.1056081808713,-0.223224408450315,0.581181866594116,0.378509557132373,253,84,"score_z ~ diagnosis + region + age_z + sex + (1 | donor_id)","strict one-to-one official symbol; highest-IQR probe",0.698786874705919
"GSE48350","WGCNA_midnightblue",0.216864668262647,0.176785086425657,72.443179080568,-0.135513130683797,0.569242467209091,0.22390234062139,253,84,"score_z ~ diagnosis + region + age_z + sex + (1 | donor_id)","strict one-to-one official symbol; highest-IQR probe",0.516051169240537
"GSE33000","hepatic_inflammatory_module",0.979097535742182,0.0988454542934649,Inf,0.785364005291491,1.17283106619287,4.16518880800983e-21,467,,"score_z ~ diagnosis + age_z + sex","strict one-to-one official symbol; highest-IQR probe",1.99929062784472e-20
"GSE33000","hepatic_complement_coagulation_module",0.982647736887629,0.0917331626891862,Inf,0.80285404182887,1.16244143194639,4.52760699067278e-24,467,,"score_z ~ diagnosis + age_z + sex","strict one-to-one official symbol; highest-IQR probe",5.43312838880733e-23
"GSE33000","hepatic_lipid_dysregulation_module",0.17775350333146,0.124707754494412,Inf,-0.0666692040704507,0.42217621073337,0.154726808048091,467,,"score_z ~ diagnosis + age_z + sex","strict one-to-one official symbol; highest-IQR probe",0.176830637769247
"GSE33000","hepatic_ECM_fibrosis_module",0.997504842708788,0.09623745974013,Inf,0.80888288765451,1.18612679776307,8.87074790840638e-23,467,,"score_z ~ diagnosis + age_z + sex","strict one-to-one official symbol; highest-IQR probe",7.0965983267251e-22
"GSE33000","hepatic_mitochondrial_dysfunction_module",-1.0953190946189,0.0955926251075569,Inf,-1.28267719701735,-0.907960992220446,6.23567269792716e-27,467,,"score_z ~ diagnosis + age_z + sex","strict one-to-one official symbol; highest-IQR probe",1.49656144750252e-25
"GSE33000","hepatic_acute_phase_response_module",0.936651252762667,0.0978675422433334,Inf,0.744834394710281,1.12846811081505,6.40730415149702e-20,467,,"score_z ~ diagnosis + age_z + sex","strict one-to-one official symbol; highest-IQR probe",2.56292166059881e-19
"GSE33000","hepatic_endothelial_vascular_activation_module",0.973726916419671,0.0955854080589563,Inf,0.786382959176552,1.16107087366279,3.99021057750671e-22,467,,"score_z ~ diagnosis + age_z + sex","strict one-to-one official symbol; highest-IQR probe",2.39412634650402e-21
"GSE33000","hepatic_secretome_hepatokine_module",0.911593748294782,0.098569250137124,Inf,0.7184015680429,1.10478592854667,8.40623968567337e-19,467,,"score_z ~ diagnosis + age_z + sex","strict one-to-one official symbol; highest-IQR probe",2.8821393208023e-18
"GSE33000","WGCNA_turquoise",-0.17697481726377,0.128528214828483,Inf,-0.428885489324824,0.0749358547972847,0.169198160108103,467,,"score_z ~ diagnosis + age_z + sex","strict one-to-one official symbol; highest-IQR probe",0.184579811027022
"GSE33000","WGCNA_red",0.8833633785917,0.0979044561798856,Inf,0.691474170553144,1.07525258663026,4.9161509418925e-18,467,,"score_z ~ diagnosis + age_z + sex","strict one-to-one official symbol; highest-IQR probe",1.47484528256775e-17
"GSE33000","WGCNA_brown",-0.089697030133061,0.131621807384087,Inf,-0.347671032185939,0.168276971919817,0.495911412672995,467,,"score_z ~ diagnosis + age_z + sex","strict one-to-one official symbol; highest-IQR probe",0.495911412672995
"GSE33000","WGCNA_yellow",0.402080005442257,0.125436616073833,Inf,0.156228755594967,0.647931255289548,0.0014417840853145,467,,"score_z ~ diagnosis + age_z + sex","strict one-to-one official symbol; highest-IQR probe",0.00182120094987095
"GSE33000","WGCNA_blue",0.477077275043832,0.122845406584148,Inf,0.236304702472721,0.717849847614942,0.00011792322089458,467,,"score_z ~ diagnosis + age_z + sex","strict one-to-one official symbol; highest-IQR probe",0.000166479841262936
"GSE33000","WGCNA_pink",0.613108926002941,0.117719055712648,Inf,0.382383816512087,0.843834035493795,2.87402718667335e-07,467,,"score_z ~ diagnosis + age_z + sex","strict one-to-one official symbol; highest-IQR probe",5.30589634462772e-07
"GSE33000","WGCNA_black",0.170134423768426,0.130551883492505,Inf,-0.0857425659907528,0.426011413527604,0.193156252089629,467,,"score_z ~ diagnosis + age_z + sex","strict one-to-one official symbol; highest-IQR probe",0.20155435000657
"GSE33000","WGCNA_green",-0.963780197462418,0.111160260161923,Inf,-1.18165030389189,-0.745910091032947,7.32002874732901e-17,467,,"score_z ~ diagnosis + age_z + sex","strict one-to-one official symbol; highest-IQR probe",1.75680689935896e-16
"GSE33000","WGCNA_purple",-0.983510981449112,0.110868329127489,Inf,-1.20080891356512,-0.766213049333101,1.58624617190764e-17,467,,"score_z ~ diagnosis + age_z + sex","strict one-to-one official symbol; highest-IQR probe",4.22998979175371e-17
"GSE33000","WGCNA_magenta",-0.786409716875443,0.111531292526206,Inf,-1.00500703337601,-0.567812400374879,6.49564369372479e-12,467,,"score_z ~ diagnosis + age_z + sex","strict one-to-one official symbol; highest-IQR probe",1.41723135135814e-11
"GSE33000","WGCNA_greenyellow",-0.701604178587206,0.112870451627214,Inf,-0.922826198695316,-0.480382158479096,1.13893645706674e-09,467,,"score_z ~ diagnosis + age_z + sex","strict one-to-one official symbol; highest-IQR probe",2.27787291413348e-09
"GSE33000","WGCNA_salmon",-0.415671237771021,0.127582888122648,Inf,-0.665729103535015,-0.165613372007027,0.00120430878007392,467,,"score_z ~ diagnosis + age_z + sex","strict one-to-one official symbol; highest-IQR probe",0.00160574504009856
"GSE33000","WGCNA_cyan",-0.574142958458005,0.125472022869936,Inf,-0.820063604350465,-0.328222312565546,6.09905024766365e-06,467,,"score_z ~ diagnosis + age_z + sex","strict one-to-one official symbol; highest-IQR probe",9.75848039626183e-06
"GSE33000","WGCNA_tan",-0.392139885292464,0.127115926017701,Inf,-0.641282522148616,-0.142997248436312,0.0021580843250952,467,,"score_z ~ diagnosis + age_z + sex","strict one-to-one official symbol; highest-IQR probe",0.00258970119011423
"GSE33000","WGCNA_lightcyan",-0.595947445977521,0.128604566523453,Inf,-0.848007764610874,-0.343887127344169,4.67052149960494e-06,467,,"score_z ~ diagnosis + age_z + sex","strict one-to-one official symbol; highest-IQR probe",8.00660828503704e-06
"GSE33000","WGCNA_midnightblue",0.51382081647899,0.121179368188156,Inf,0.276313619160885,0.751328013797096,2.69772500872347e-05,467,,"score_z ~ diagnosis + age_z + sex","strict one-to-one official symbol; highest-IQR probe",4.0465875130852e-05
