"brain_region","module","beta","SE","df","CI_low","CI_high","P","sample_n","donor_n","MDD_sample_n","control_sample_n","duplicate_donor_within_region","singular_fit","formula","dropped_covariates","BH_FDR_global_144","BH_FDR_within_region_24"
"anterior_cingulate_cortex","hepatic_inflammatory_module",-0.0723196025805051,0.336696375642855,Inf,-0.732232372565671,0.587593167404661,0.831908259103135,28,28,13,15,FALSE,FALSE,"score_z ~ diagnosis + age_z + sex + RIN_z + PMI_z","",0.993399779430368,0.907536282657966
"anterior_cingulate_cortex","hepatic_complement_coagulation_module",-0.107775719278848,0.340567170997529,Inf,-0.775275108750699,0.559723670193002,0.75463690845743,28,28,13,15,FALSE,FALSE,"score_z ~ diagnosis + age_z + sex + RIN_z + PMI_z","",0.960351571322088,0.862442181094206
"anterior_cingulate_cortex","hepatic_lipid_dysregulation_module",0.258988890453037,0.363949802346805,Inf,-0.454339614327172,0.972317395233247,0.484186703649599,28,28,13,15,FALSE,FALSE,"score_z ~ diagnosis + age_z + sex + RIN_z + PMI_z","",0.899362064300077,0.862442181094206
"anterior_cingulate_cortex","hepatic_ECM_fibrosis_module",0.0266317618785685,0.332226769716582,Inf,-0.624520741466013,0.67778426522315,0.936833637588523,28,28,13,15,FALSE,FALSE,"score_z ~ diagnosis + age_z + sex + RIN_z + PMI_z","",0.993399779430368,0.936833637588523
"anterior_cingulate_cortex","hepatic_mitochondrial_dysfunction_module",0.552502149049866,0.39748939468827,Inf,-0.226562748775771,1.3315670468755,0.178440583705089,28,28,13,15,FALSE,FALSE,"score_z ~ diagnosis + age_z + sex + RIN_z + PMI_z","",0.899362064300077,0.862442181094206
"anterior_cingulate_cortex","hepatic_acute_phase_response_module",0.188021156803843,0.330299640622363,Inf,-0.459354242922512,0.835396556530197,0.574956923037581,28,28,13,15,FALSE,FALSE,"score_z ~ diagnosis + age_z + sex + RIN_z + PMI_z","",0.916753416104936,0.862442181094206
"anterior_cingulate_cortex","hepatic_endothelial_vascular_activation_module",0.237211563856006,0.408971843208924,Inf,-0.564358519524446,1.03878164723646,0.567795128583029,28,28,13,15,FALSE,FALSE,"score_z ~ diagnosis + age_z + sex + RIN_z + PMI_z","",0.916753416104936,0.862442181094206
"anterior_cingulate_cortex","hepatic_secretome_hepatokine_module",-0.0444926656075766,0.326489368631804,Inf,-0.684400069461133,0.59541473824598,0.89284243894171,28,28,13,15,FALSE,FALSE,"score_z ~ diagnosis + age_z + sex + RIN_z + PMI_z","",0.993399779430368,0.931661675417436
"anterior_cingulate_cortex","WGCNA_turquoise",-0.0967859444744701,0.257298432371376,Inf,-0.601081605200982,0.407509716252042,0.710399468104883,28,28,13,15,FALSE,FALSE,"score_z ~ diagnosis + age_z + sex + RIN_z + PMI_z","",0.950580452924949,0.862442181094206
"anterior_cingulate_cortex","WGCNA_red",0.233988413525927,0.338815318336092,Inf,-0.430077407823287,0.89805423487514,0.497034528805428,28,28,13,15,FALSE,FALSE,"score_z ~ diagnosis + age_z + sex + RIN_z + PMI_z","",0.899362064300077,0.862442181094206
"anterior_cingulate_cortex","WGCNA_brown",0.242866370267933,0.351832053244223,Inf,-0.446711782697522,0.932444523233389,0.497229905349881,28,28,13,15,FALSE,FALSE,"score_z ~ diagnosis + age_z + sex + RIN_z + PMI_z","",0.899362064300077,0.862442181094206
"anterior_cingulate_cortex","WGCNA_yellow",0.445016801912212,0.368619230422758,Inf,-0.277463613725264,1.16749721754969,0.240154672810723,28,28,13,15,FALSE,FALSE,"score_z ~ diagnosis + age_z + sex + RIN_z + PMI_z","",0.899362064300077,0.862442181094206
"anterior_cingulate_cortex","WGCNA_blue",0.243588710438197,0.314300004885841,Inf,-0.372427979478813,0.859605400355207,0.446578768250876,28,28,13,15,FALSE,FALSE,"score_z ~ diagnosis + age_z + sex + RIN_z + PMI_z","",0.899362064300077,0.862442181094206
"anterior_cingulate_cortex","WGCNA_pink",-0.10538449224308,0.328793132634804,Inf,-0.749807190571397,0.539038206085237,0.751599394005385,28,28,13,15,FALSE,FALSE,"score_z ~ diagnosis + age_z + sex + RIN_z + PMI_z","",0.960351571322088,0.862442181094206
"anterior_cingulate_cortex","WGCNA_black",0.311689042362423,0.405829843213724,Inf,-0.483722834188014,1.10710091891286,0.450635727400876,28,28,13,15,FALSE,FALSE,"score_z ~ diagnosis + age_z + sex + RIN_z + PMI_z","",0.899362064300077,0.862442181094206
"anterior_cingulate_cortex","WGCNA_green",0.46513525183731,0.38182842512384,Inf,-0.283234709679066,1.21350521335369,0.23605963124347,28,28,13,15,FALSE,FALSE,"score_z ~ diagnosis + age_z + sex + RIN_z + PMI_z","",0.899362064300077,0.862442181094206
"anterior_cingulate_cortex","WGCNA_purple",-0.35854604220191,0.421289996157875,Inf,-1.18425926171836,0.467167177314543,0.403900721071854,28,28,13,15,FALSE,FALSE,"score_z ~ diagnosis + age_z + sex + RIN_z + PMI_z","",0.899362064300077,0.862442181094206
"anterior_cingulate_cortex","WGCNA_magenta",-0.458620655931255,0.389534988273579,Inf,-1.2220952036657,0.304853891803191,0.251634795516523,28,28,13,15,FALSE,FALSE,"score_z ~ diagnosis + age_z + sex + RIN_z + PMI_z","",0.899362064300077,0.862442181094206
"anterior_cingulate_cortex","WGCNA_greenyellow",-0.145360271593516,0.42943232933789,Inf,-0.987032170892923,0.696311627705891,0.738200180324311,28,28,13,15,FALSE,FALSE,"score_z ~ diagnosis + age_z + sex + RIN_z + PMI_z","",0.957665098799107,0.862442181094206
"anterior_cingulate_cortex","WGCNA_salmon",-0.245298694674894,0.356755209036695,Inf,-0.944526055683875,0.453928666334087,0.498901175785522,28,28,13,15,FALSE,FALSE,"score_z ~ diagnosis + age_z + sex + RIN_z + PMI_z","",0.899362064300077,0.862442181094206
"anterior_cingulate_cortex","WGCNA_cyan",-0.295092124470394,0.383972567279595,Inf,-1.04766452738978,0.457480278448994,0.450347682038185,28,28,13,15,FALSE,FALSE,"score_z ~ diagnosis + age_z + sex + RIN_z + PMI_z","",0.899362064300077,0.862442181094206
"anterior_cingulate_cortex","WGCNA_tan",-0.218340458702091,0.421808138915681,Inf,-1.04506921936269,0.608388301958511,0.609882747220059,28,28,13,15,FALSE,FALSE,"score_z ~ diagnosis + age_z + sex + RIN_z + PMI_z","",0.934288463826473,0.862442181094206
"anterior_cingulate_cortex","WGCNA_lightcyan",0.187877752097485,0.395351446314325,Inf,-0.586996843914412,0.962752348109382,0.639316399855089,28,28,13,15,FALSE,FALSE,"score_z ~ diagnosis + age_z + sex + RIN_z + PMI_z","",0.93518028892407,0.862442181094206
"anterior_cingulate_cortex","WGCNA_midnightblue",0.272340920000183,0.404363966038364,Inf,-0.520197890080788,1.06487973008115,0.507641017772798,28,28,13,15,FALSE,FALSE,"score_z ~ diagnosis + age_z + sex + RIN_z + PMI_z","",0.899362064300077,0.862442181094206
"anterior_insula","hepatic_inflammatory_module",-0.295047312197801,0.261061946718603,Inf,-0.806719325500177,0.216624701104575,0.264812962388159,48,48,26,22,FALSE,FALSE,"score_z ~ diagnosis + age_z + sex + RIN_z + PMI_z","",0.899362064300077,0.993399779430368
"anterior_insula","hepatic_complement_coagulation_module",-0.115205811492128,0.301960741477886,Inf,-0.707037989533794,0.476626366549539,0.704736555259487,48,48,26,22,FALSE,FALSE,"score_z ~ diagnosis + age_z + sex + RIN_z + PMI_z","",0.950580452924949,0.993399779430368
"anterior_insula","hepatic_lipid_dysregulation_module",-0.126841002760912,0.291022923488741,Inf,-0.697235451474401,0.443553445952577,0.665180915447673,48,48,26,22,FALSE,FALSE,"score_z ~ diagnosis + age_z + sex + RIN_z + PMI_z","",0.939078939455539,0.993399779430368
"anterior_insula","hepatic_ECM_fibrosis_module",-0.0143827818566606,0.281016411773755,Inf,-0.565164827997898,0.536399264284577,0.959423709118322,48,48,26,22,FALSE,FALSE,"score_z ~ diagnosis + age_z + sex + RIN_z + PMI_z","",0.993399779430368,0.993399779430368
"anterior_insula","hepatic_mitochondrial_dysfunction_module",0.119718630006547,0.261733741275787,Inf,-0.393270076432921,0.632707336446015,0.649736511091678,48,48,26,22,FALSE,FALSE,"score_z ~ diagnosis + age_z + sex + RIN_z + PMI_z","",0.93518028892407,0.993399779430368
"anterior_insula","hepatic_acute_phase_response_module",-0.00364312396593969,0.290327369517555,Inf,-0.572674311946598,0.565388064014719,0.990047561080083,48,48,26,22,FALSE,FALSE,"score_z ~ diagnosis + age_z + sex + RIN_z + PMI_z","",0.993399779430368,0.993399779430368
"anterior_insula","hepatic_endothelial_vascular_activation_module",0.200325081665438,0.284045772219606,Inf,-0.356394401845857,0.757044565176734,0.484543923883531,48,48,26,22,FALSE,FALSE,"score_z ~ diagnosis + age_z + sex + RIN_z + PMI_z","",0.899362064300077,0.993399779430368
"anterior_insula","hepatic_secretome_hepatokine_module",-0.0329925433427599,0.294168432256284,Inf,-0.609552075953687,0.543566989268167,0.911234609046772,48,48,26,22,FALSE,FALSE,"score_z ~ diagnosis + age_z + sex + RIN_z + PMI_z","",0.993399779430368,0.993399779430368
"anterior_insula","WGCNA_turquoise",-0.198798335739468,0.242643020536414,Inf,-0.674369917090852,0.276773245611916,0.417238173598703,48,48,26,22,FALSE,FALSE,"score_z ~ diagnosis + age_z + sex + RIN_z + PMI_z","",0.899362064300077,0.993399779430368
"anterior_insula","WGCNA_red",0.0807255413927072,0.308951877061848,Inf,-0.524809010604562,0.686260093389976,0.795147164681727,48,48,26,22,FALSE,FALSE,"score_z ~ diagnosis + age_z + sex + RIN_z + PMI_z","",0.978642664223664,0.993399779430368
"anterior_insula","WGCNA_brown",-0.0910352563031529,0.296426941065946,Inf,-0.672021384839784,0.489950872233478,0.760278327296653,48,48,26,22,FALSE,FALSE,"score_z ~ diagnosis + age_z + sex + RIN_z + PMI_z","",0.960351571322088,0.993399779430368
"anterior_insula","WGCNA_yellow",0.0847176001475485,0.300194986096823,Inf,-0.503653760941727,0.673088961236824,0.779169619842968,48,48,26,22,FALSE,FALSE,"score_z ~ diagnosis + age_z + sex + RIN_z + PMI_z","",0.967245045322305,0.993399779430368
"anterior_insula","WGCNA_blue",0.155422204481041,0.285159831616167,Inf,-0.403480795324151,0.714325204286234,0.588611926238833,48,48,26,22,FALSE,FALSE,"score_z ~ diagnosis + age_z + sex + RIN_z + PMI_z","",0.921305623678174,0.993399779430368
"anterior_insula","WGCNA_pink",-0.187103210966621,0.295663157034379,Inf,-0.766592350309415,0.392385928376173,0.530278160603736,48,48,26,22,FALSE,FALSE,"score_z ~ diagnosis + age_z + sex + RIN_z + PMI_z","",0.899362064300077,0.993399779430368
"anterior_insula","WGCNA_black",0.0371685944072044,0.305792478041091,Inf,-0.562173649296588,0.636510838110997,0.903836350485495,48,48,26,22,FALSE,FALSE,"score_z ~ diagnosis + age_z + sex + RIN_z + PMI_z","",0.993399779430368,0.993399779430368
"anterior_insula","WGCNA_green",0.210516593624424,0.272875424447696,Inf,-0.324309410559142,0.745342597807989,0.44474436187311,48,48,26,22,FALSE,FALSE,"score_z ~ diagnosis + age_z + sex + RIN_z + PMI_z","",0.899362064300077,0.993399779430368
"anterior_insula","WGCNA_purple",-0.435403008647976,0.30240325154226,Inf,-1.02810249047861,0.157296473182659,0.157333932198152,48,48,26,22,FALSE,FALSE,"score_z ~ diagnosis + age_z + sex + RIN_z + PMI_z","",0.899362064300077,0.993399779430368
"anterior_insula","WGCNA_magenta",-0.177689564542217,0.232423870323879,Inf,-0.633231979524426,0.277852850439993,0.448839663251223,48,48,26,22,FALSE,FALSE,"score_z ~ diagnosis + age_z + sex + RIN_z + PMI_z","",0.899362064300077,0.993399779430368
"anterior_insula","WGCNA_greenyellow",-0.322099652470199,0.286593030523529,Inf,-0.883811670516504,0.239612365576107,0.267441653613811,48,48,26,22,FALSE,FALSE,"score_z ~ diagnosis + age_z + sex + RIN_z + PMI_z","",0.899362064300077,0.993399779430368
"anterior_insula","WGCNA_salmon",-0.184711010769109,0.278019367979495,Inf,-0.729618959013507,0.36019693747529,0.510077321484893,48,48,26,22,FALSE,FALSE,"score_z ~ diagnosis + age_z + sex + RIN_z + PMI_z","",0.899362064300077,0.993399779430368
"anterior_insula","WGCNA_cyan",-0.201293681508477,0.295546538710714,Inf,-0.78055425313695,0.377966890119995,0.49955296509563,48,48,26,22,FALSE,FALSE,"score_z ~ diagnosis + age_z + sex + RIN_z + PMI_z","",0.899362064300077,0.993399779430368
"anterior_insula","WGCNA_tan",0.0023958628317953,0.287907904438054,Inf,-0.56189326073119,0.56668498639478,0.993399779430368,48,48,26,22,FALSE,FALSE,"score_z ~ diagnosis + age_z + sex + RIN_z + PMI_z","",0.993399779430368,0.993399779430368
"anterior_insula","WGCNA_lightcyan",-0.389702336574724,0.27552206735675,Inf,-0.929715665539972,0.150310992390524,0.164611222653717,48,48,26,22,FALSE,FALSE,"score_z ~ diagnosis + age_z + sex + RIN_z + PMI_z","",0.899362064300077,0.993399779430368
"anterior_insula","WGCNA_midnightblue",-0.420806636988077,0.277463664414378,Inf,-0.964625426258766,0.123012152282612,0.136854230303366,48,48,26,22,FALSE,FALSE,"score_z ~ diagnosis + age_z + sex + RIN_z + PMI_z","",0.899362064300077,0.993399779430368
"dorsolateral_prefrontal_cortex","hepatic_inflammatory_module",0.154737903551736,0.264805125906126,Inf,-0.364270606145865,0.673746413249337,0.562113149768695,48,48,26,22,FALSE,FALSE,"score_z ~ diagnosis + age_z + sex + RIN_z + PMI_z","",0.916753416104936,0.64241502830708
"dorsolateral_prefrontal_cortex","hepatic_complement_coagulation_module",0.168516223838045,0.270249567164288,Inf,-0.361163194641499,0.698195642317588,0.536290012637564,48,48,26,22,FALSE,FALSE,"score_z ~ diagnosis + age_z + sex + RIN_z + PMI_z","",0.899362064300077,0.64241502830708
"dorsolateral_prefrontal_cortex","hepatic_lipid_dysregulation_module",0.191907368778706,0.256977978658801,Inf,-0.311760214212446,0.695574951769858,0.459353449236101,48,48,26,22,FALSE,FALSE,"score_z ~ diagnosis + age_z + sex + RIN_z + PMI_z","",0.899362064300077,0.618329227213605
"dorsolateral_prefrontal_cortex","hepatic_ECM_fibrosis_module",0.210825008137326,0.285110604078248,Inf,-0.347981507466498,0.76963152374115,0.463746920410203,48,48,26,22,FALSE,FALSE,"score_z ~ diagnosis + age_z + sex + RIN_z + PMI_z","",0.899362064300077,0.618329227213605
"dorsolateral_prefrontal_cortex","hepatic_mitochondrial_dysfunction_module",0.387859759570609,0.219012993296534,Inf,-0.0413978194369102,0.817117338578129,0.0838270879639704,48,48,26,22,FALSE,FALSE,"score_z ~ diagnosis + age_z + sex + RIN_z + PMI_z","",0.899362064300077,0.427261684127459
"dorsolateral_prefrontal_cortex","hepatic_acute_phase_response_module",0.270847365823093,0.272307570835809,Inf,-0.262865665732681,0.804560397378868,0.325608631929009,48,48,26,22,FALSE,FALSE,"score_z ~ diagnosis + age_z + sex + RIN_z + PMI_z","",0.899362064300077,0.618329227213605
"dorsolateral_prefrontal_cortex","hepatic_endothelial_vascular_activation_module",0.225263487147241,0.288029345412307,Inf,-0.339263656351528,0.789790630646011,0.4385515914143,48,48,26,22,FALSE,FALSE,"score_z ~ diagnosis + age_z + sex + RIN_z + PMI_z","",0.899362064300077,0.618329227213605
"dorsolateral_prefrontal_cortex","hepatic_secretome_hepatokine_module",0.220558407571842,0.283579521072739,Inf,-0.335247240483845,0.776364055627528,0.441066557640943,48,48,26,22,FALSE,FALSE,"score_z ~ diagnosis + age_z + sex + RIN_z + PMI_z","",0.899362064300077,0.618329227213605
"dorsolateral_prefrontal_cortex","WGCNA_turquoise",0.151897804187077,0.231688219893882,Inf,-0.302202762447128,0.605998370821282,0.515648590670143,48,48,26,22,FALSE,FALSE,"score_z ~ diagnosis + age_z + sex + RIN_z + PMI_z","",0.899362064300077,0.64241502830708
"dorsolateral_prefrontal_cortex","WGCNA_red",0.334994850183376,0.274960035260499,Inf,-0.203916916115066,0.873906616481818,0.229894492248491,48,48,26,22,FALSE,FALSE,"score_z ~ diagnosis + age_z + sex + RIN_z + PMI_z","",0.899362064300077,0.618329227213605
"dorsolateral_prefrontal_cortex","WGCNA_brown",0.286884862667532,0.25745572217713,Inf,-0.217719080413391,0.791488805748456,0.271483419666216,48,48,26,22,FALSE,FALSE,"score_z ~ diagnosis + age_z + sex + RIN_z + PMI_z","",0.899362064300077,0.618329227213605
"dorsolateral_prefrontal_cortex","WGCNA_yellow",0.386269651291564,0.257193832134768,Inf,-0.117820996738422,0.89036029932155,0.140614447849916,48,48,26,22,FALSE,FALSE,"score_z ~ diagnosis + age_z + sex + RIN_z + PMI_z","",0.899362064300077,0.562457791399663
"dorsolateral_prefrontal_cortex","WGCNA_blue",0.294077325142172,0.262359676084938,Inf,-0.220138190979901,0.808292841264246,0.268701421182718,48,48,26,22,FALSE,FALSE,"score_z ~ diagnosis + age_z + sex + RIN_z + PMI_z","",0.899362064300077,0.618329227213605
"dorsolateral_prefrontal_cortex","WGCNA_pink",0.209133563946074,0.275212990382519,Inf,-0.330273985281231,0.74854111317338,0.451560655131376,48,48,26,22,FALSE,FALSE,"score_z ~ diagnosis + age_z + sex + RIN_z + PMI_z","",0.899362064300077,0.618329227213605
"dorsolateral_prefrontal_cortex","WGCNA_black",-0.0401909902191889,0.299679813182785,Inf,-0.627552630951139,0.547170650512762,0.893953741279102,48,48,26,22,FALSE,FALSE,"score_z ~ diagnosis + age_z + sex + RIN_z + PMI_z","",0.993399779430368,0.932821295247759
"dorsolateral_prefrontal_cortex","WGCNA_green",0.445406687170164,0.23479158507806,Inf,-0.0147763634559053,0.905589737796234,0.0647142381313352,48,48,26,22,FALSE,FALSE,"score_z ~ diagnosis + age_z + sex + RIN_z + PMI_z","",0.899362064300077,0.427261684127459
"dorsolateral_prefrontal_cortex","WGCNA_purple",0.250564563179798,0.273132986480145,Inf,-0.284766253311153,0.785895379670748,0.364185792885846,48,48,26,22,FALSE,FALSE,"score_z ~ diagnosis + age_z + sex + RIN_z + PMI_z","",0.899362064300077,0.618329227213605
"dorsolateral_prefrontal_cortex","WGCNA_magenta",-0.675008450852778,0.277726554048605,Inf,-1.21934249433846,-0.130674407367095,0.0194301420652141,48,48,26,22,FALSE,FALSE,"score_z ~ diagnosis + age_z + sex + RIN_z + PMI_z","",0.899362064300077,0.233161704782569
"dorsolateral_prefrontal_cortex","WGCNA_greenyellow",0.265016198223556,0.253626617267653,Inf,-0.232082837141769,0.76211523358888,0.302042872059903,48,48,26,22,FALSE,FALSE,"score_z ~ diagnosis + age_z + sex + RIN_z + PMI_z","",0.899362064300077,0.618329227213605
"dorsolateral_prefrontal_cortex","WGCNA_salmon",-0.815691619834324,0.251599608416671,Inf,-1.30881779085538,-0.322565448813267,0.00232725159882747,48,48,26,22,FALSE,FALSE,"score_z ~ diagnosis + age_z + sex + RIN_z + PMI_z","",0.335124230231156,0.0558540383718593
"dorsolateral_prefrontal_cortex","WGCNA_cyan",0.00727969112041276,0.30911943153172,Inf,-0.598583261603253,0.613142643844078,0.981323273072772,48,48,26,22,FALSE,FALSE,"score_z ~ diagnosis + age_z + sex + RIN_z + PMI_z","",0.993399779430368,0.981323273072772
"dorsolateral_prefrontal_cortex","WGCNA_tan",-0.285893061724273,0.306934832164219,Inf,-0.887474278366988,0.315688154918441,0.356946688157024,48,48,26,22,FALSE,FALSE,"score_z ~ diagnosis + age_z + sex + RIN_z + PMI_z","",0.899362064300077,0.618329227213605
"dorsolateral_prefrontal_cortex","WGCNA_lightcyan",-0.0999105203434319,0.290836612268746,Inf,-0.669939805775814,0.47011876508895,0.732915066094105,48,48,26,22,FALSE,FALSE,"score_z ~ diagnosis + age_z + sex + RIN_z + PMI_z","",0.957665098799107,0.799543708466297
"dorsolateral_prefrontal_cortex","WGCNA_midnightblue",0.483131911988858,0.277509194574333,Inf,-0.0607761147555532,1.02703993873327,0.0890128508598873,48,48,26,22,FALSE,FALSE,"score_z ~ diagnosis + age_z + sex + RIN_z + PMI_z","",0.899362064300077,0.427261684127459
"nucleus_accumbens","hepatic_inflammatory_module",-0.2556356910225,0.302350841552426,Inf,-0.848232451160632,0.336961069115632,0.402626491580762,48,48,26,22,FALSE,FALSE,"score_z ~ diagnosis + age_z + sex + RIN_z + PMI_z","",0.899362064300077,0.743310445995252
"nucleus_accumbens","hepatic_complement_coagulation_module",-0.0709455564810482,0.307894132694827,Inf,-0.674406967614105,0.532515854652008,0.818882621782647,48,48,26,22,FALSE,FALSE,"score_z ~ diagnosis + age_z + sex + RIN_z + PMI_z","",0.993399779430368,0.973918773396063
"nucleus_accumbens","hepatic_lipid_dysregulation_module",-0.280336162576763,0.248662149819708,Inf,-0.767705020541694,0.207032695388168,0.265982483413402,48,48,26,22,FALSE,FALSE,"score_z ~ diagnosis + age_z + sex + RIN_z + PMI_z","",0.899362064300077,0.58011271491404
"nucleus_accumbens","hepatic_ECM_fibrosis_module",-0.0407922989375485,0.298036212621899,Inf,-0.624932541765193,0.543347943890096,0.891787341883936,48,48,26,22,FALSE,FALSE,"score_z ~ diagnosis + age_z + sex + RIN_z + PMI_z","",0.993399779430368,0.973918773396063
"nucleus_accumbens","hepatic_mitochondrial_dysfunction_module",-0.31039060849269,0.209490890280644,Inf,-0.720985208531984,0.100203991546605,0.1458997249232,48,48,26,22,FALSE,FALSE,"score_z ~ diagnosis + age_z + sex + RIN_z + PMI_z","",0.899362064300077,0.521201673012689
"nucleus_accumbens","hepatic_acute_phase_response_module",-0.113605920076006,0.298841948078251,Inf,-0.699325375379166,0.472113535227155,0.705746968711346,48,48,26,22,FALSE,FALSE,"score_z ~ diagnosis + age_z + sex + RIN_z + PMI_z","",0.950580452924949,0.973918773396063
"nucleus_accumbens","hepatic_endothelial_vascular_activation_module",0.0147812657087911,0.306110579456631,Inf,-0.585184445312892,0.614746976730474,0.96171613781666,48,48,26,22,FALSE,FALSE,"score_z ~ diagnosis + age_z + sex + RIN_z + PMI_z","",0.993399779430368,0.973918773396063
"nucleus_accumbens","hepatic_secretome_hepatokine_module",-0.496719575061955,0.297163328942984,Inf,-1.07914899731623,0.0857098471923222,0.102051226880484,48,48,26,22,FALSE,FALSE,"score_z ~ diagnosis + age_z + sex + RIN_z + PMI_z","",0.899362064300077,0.521201673012689
"nucleus_accumbens","WGCNA_turquoise",-0.252924320124849,0.224098148841495,Inf,-0.692148620856275,0.186299980606578,0.265458825531916,48,48,26,22,FALSE,FALSE,"score_z ~ diagnosis + age_z + sex + RIN_z + PMI_z","",0.899362064300077,0.58011271491404
"nucleus_accumbens","WGCNA_red",-0.14837848788667,0.295871867571464,Inf,-0.728276692365344,0.431519716592003,0.618640927256723,48,48,26,22,FALSE,FALSE,"score_z ~ diagnosis + age_z + sex + RIN_z + PMI_z","",0.93518028892407,0.973918773396063
"nucleus_accumbens","WGCNA_brown",-0.396594141892831,0.265404402851492,Inf,-0.916777212820116,0.123588929034453,0.142572656017928,48,48,26,22,FALSE,FALSE,"score_z ~ diagnosis + age_z + sex + RIN_z + PMI_z","",0.899362064300077,0.521201673012689
"nucleus_accumbens","WGCNA_yellow",-0.194993270250564,0.279183477870824,Inf,-0.742182831956014,0.352196291454887,0.488750695423569,48,48,26,22,FALSE,FALSE,"score_z ~ diagnosis + age_z + sex + RIN_z + PMI_z","",0.899362064300077,0.837858335011832
"nucleus_accumbens","WGCNA_blue",0.0231934345925836,0.249997646123794,Inf,-0.466792948029842,0.513179817215009,0.926523757109044,48,48,26,22,FALSE,FALSE,"score_z ~ diagnosis + age_z + sex + RIN_z + PMI_z","",0.993399779430368,0.973918773396063
"nucleus_accumbens","WGCNA_pink",-0.395752637332674,0.28599227803269,Inf,-0.956287202133311,0.164781927467963,0.17373389100423,48,48,26,22,FALSE,FALSE,"score_z ~ diagnosis + age_z + sex + RIN_z + PMI_z","",0.899362064300077,0.521201673012689
"nucleus_accumbens","WGCNA_black",0.512630596521646,0.286098450727962,Inf,-0.0481120629378664,1.07337325598116,0.0803719831430785,48,48,26,22,FALSE,FALSE,"score_z ~ diagnosis + age_z + sex + RIN_z + PMI_z","",0.899362064300077,0.521201673012689
"nucleus_accumbens","WGCNA_green",-0.309828059171989,0.222165874495026,Inf,-0.745265171776086,0.125609053432109,0.170475595892981,48,48,26,22,FALSE,FALSE,"score_z ~ diagnosis + age_z + sex + RIN_z + PMI_z","",0.899362064300077,0.521201673012689
"nucleus_accumbens","WGCNA_purple",-0.540456816537627,0.301434982108718,Inf,-1.13125852515119,0.0503448920759345,0.0801851991141308,48,48,26,22,FALSE,FALSE,"score_z ~ diagnosis + age_z + sex + RIN_z + PMI_z","",0.899362064300077,0.521201673012689
"nucleus_accumbens","WGCNA_magenta",-0.134808970881537,0.300415757498068,Inf,-0.723613035966069,0.453995094202995,0.655925063759244,48,48,26,22,FALSE,FALSE,"score_z ~ diagnosis + age_z + sex + RIN_z + PMI_z","",0.93518028892407,0.973918773396063
"nucleus_accumbens","WGCNA_greenyellow",-0.773628103344629,0.28523453459705,Inf,-1.33267751830189,-0.214578688387367,0.00964395152252803,48,48,26,22,FALSE,FALSE,"score_z ~ diagnosis + age_z + sex + RIN_z + PMI_z","",0.694364509622018,0.231454836540673
"nucleus_accumbens","WGCNA_salmon",-0.312037962050059,0.271498023632642,Inf,-0.844164310243841,0.220088386143723,0.256927298612619,48,48,26,22,FALSE,FALSE,"score_z ~ diagnosis + age_z + sex + RIN_z + PMI_z","",0.899362064300077,0.58011271491404
"nucleus_accumbens","WGCNA_cyan",-0.0548460914659647,0.314231145096051,Inf,-0.670727818675005,0.561035635743075,0.862279287029925,48,48,26,22,FALSE,FALSE,"score_z ~ diagnosis + age_z + sex + RIN_z + PMI_z","",0.993399779430368,0.973918773396063
"nucleus_accumbens","WGCNA_tan",0.310095585794272,0.289398970550295,Inf,-0.257115973647274,0.877307145235818,0.29005635745702,48,48,26,22,FALSE,FALSE,"score_z ~ diagnosis + age_z + sex + RIN_z + PMI_z","",0.899362064300077,0.58011271491404
"nucleus_accumbens","WGCNA_lightcyan",-0.0891973244140031,0.301046389191555,Inf,-0.679237404905279,0.500842756077273,0.768468079356669,48,48,26,22,FALSE,FALSE,"score_z ~ diagnosis + age_z + sex + RIN_z + PMI_z","",0.962255681977046,0.973918773396063
"nucleus_accumbens","WGCNA_midnightblue",0.00984620901285646,0.299375395141626,Inf,-0.576918783322178,0.596611201347891,0.973918773396063,48,48,26,22,FALSE,FALSE,"score_z ~ diagnosis + age_z + sex + RIN_z + PMI_z","",0.993399779430368,0.973918773396063
"orbitofrontal_cortex","hepatic_inflammatory_module",0.0995021777372146,0.293934562128277,Inf,-0.476598977845759,0.675603333320188,0.736659296461215,48,48,26,22,FALSE,FALSE,"score_z ~ diagnosis + age_z + sex + RIN_z + PMI_z","",0.957665098799107,0.803628323412234
"orbitofrontal_cortex","hepatic_complement_coagulation_module",0.351452009594469,0.274669383192323,Inf,-0.186890089118315,0.889794108307254,0.207728491956921,48,48,26,22,FALSE,FALSE,"score_z ~ diagnosis + age_z + sex + RIN_z + PMI_z","",0.899362064300077,0.583081624758601
"orbitofrontal_cortex","hepatic_lipid_dysregulation_module",0.390723168856377,0.282660594683402,Inf,-0.163281416571765,0.944727754284519,0.174185311085798,48,48,26,22,FALSE,FALSE,"score_z ~ diagnosis + age_z + sex + RIN_z + PMI_z","",0.899362064300077,0.583081624758601
"orbitofrontal_cortex","hepatic_ECM_fibrosis_module",0.41460423411427,0.288365104417025,Inf,-0.150580984941231,0.979789453169771,0.157907326600776,48,48,26,22,FALSE,FALSE,"score_z ~ diagnosis + age_z + sex + RIN_z + PMI_z","",0.899362064300077,0.583081624758601
"orbitofrontal_cortex","hepatic_mitochondrial_dysfunction_module",0.453785175264014,0.206536992046175,Inf,0.0489801093782748,0.858590241149753,0.0335813768225573,48,48,26,22,FALSE,FALSE,"score_z ~ diagnosis + age_z + sex + RIN_z + PMI_z","",0.899362064300077,0.583081624758601
"orbitofrontal_cortex","hepatic_acute_phase_response_module",0.372555324296931,0.273907399429753,Inf,-0.164293313684413,0.909403962278274,0.18103852807245,48,48,26,22,FALSE,FALSE,"score_z ~ diagnosis + age_z + sex + RIN_z + PMI_z","",0.899362064300077,0.583081624758601
"orbitofrontal_cortex","hepatic_endothelial_vascular_activation_module",0.544610412991867,0.292571008743806,Inf,-0.0288182270665465,1.11803905305028,0.0696868239639384,48,48,26,22,FALSE,FALSE,"score_z ~ diagnosis + age_z + sex + RIN_z + PMI_z","",0.899362064300077,0.583081624758601
"orbitofrontal_cortex","hepatic_secretome_hepatokine_module",0.429965652389913,0.268303321725204,Inf,-0.0958991951239506,0.955830499903777,0.116532439550914,48,48,26,22,FALSE,FALSE,"score_z ~ diagnosis + age_z + sex + RIN_z + PMI_z","",0.899362064300077,0.583081624758601
"orbitofrontal_cortex","WGCNA_turquoise",0.0153354488701603,0.259074630070718,Inf,-0.492441495376484,0.523112393116804,0.953079002168246,48,48,26,22,FALSE,FALSE,"score_z ~ diagnosis + age_z + sex + RIN_z + PMI_z","",0.993399779430368,0.953079002168246
"orbitofrontal_cortex","WGCNA_red",0.27849181263904,0.280552512412741,Inf,-0.271381007462158,0.828364632740238,0.326562911269049,48,48,26,22,FALSE,FALSE,"score_z ~ diagnosis + age_z + sex + RIN_z + PMI_z","",0.899362064300077,0.602885374650551
"orbitofrontal_cortex","WGCNA_brown",0.167455837454387,0.255332209266462,Inf,-0.332986096800923,0.667897771709697,0.515507032714956,48,48,26,22,FALSE,FALSE,"score_z ~ diagnosis + age_z + sex + RIN_z + PMI_z","",0.899362064300077,0.686355259597427
"orbitofrontal_cortex","WGCNA_yellow",0.176970932646117,0.288828012129704,Inf,-0.389121568854402,0.743063434146636,0.54336458051463,48,48,26,22,FALSE,FALSE,"score_z ~ diagnosis + age_z + sex + RIN_z + PMI_z","",0.899362064300077,0.686355259597427
"orbitofrontal_cortex","WGCNA_blue",0.123612625714409,0.267325536497327,Inf,-0.4003357979682,0.647561049397017,0.646177700195843,48,48,26,22,FALSE,FALSE,"score_z ~ diagnosis + age_z + sex + RIN_z + PMI_z","",0.93518028892407,0.738488800223821
"orbitofrontal_cortex","WGCNA_pink",0.260268869135207,0.286461555756634,Inf,-0.301185463103108,0.821723201373522,0.368764134081308,48,48,26,22,FALSE,FALSE,"score_z ~ diagnosis + age_z + sex + RIN_z + PMI_z","",0.899362064300077,0.632167086996528
"orbitofrontal_cortex","WGCNA_black",-0.351406129520911,0.281395918046626,Inf,-0.902931994288882,0.20011973524706,0.218655609284475,48,48,26,22,FALSE,FALSE,"score_z ~ diagnosis + age_z + sex + RIN_z + PMI_z","",0.899362064300077,0.583081624758601
"orbitofrontal_cortex","WGCNA_green",0.351823977968195,0.207521530225979,Inf,-0.0549107472913636,0.758558703227754,0.0974094108015349,48,48,26,22,FALSE,FALSE,"score_z ~ diagnosis + age_z + sex + RIN_z + PMI_z","",0.899362064300077,0.583081624758601
"orbitofrontal_cortex","WGCNA_purple",0.291648832545295,0.267813472998119,Inf,-0.233255929105608,0.816553594196199,0.282363264191704,48,48,26,22,FALSE,FALSE,"score_z ~ diagnosis + age_z + sex + RIN_z + PMI_z","",0.899362064300077,0.602885374650551
"orbitofrontal_cortex","WGCNA_magenta",0.281744970786986,0.282983627838691,Inf,-0.272892747991334,0.836382689565305,0.325135176297897,48,48,26,22,FALSE,FALSE,"score_z ~ diagnosis + age_z + sex + RIN_z + PMI_z","",0.899362064300077,0.602885374650551
"orbitofrontal_cortex","WGCNA_greenyellow",0.114288692793539,0.23350347196627,Inf,-0.343369702525408,0.571947088112486,0.62706853228097,48,48,26,22,FALSE,FALSE,"score_z ~ diagnosis + age_z + sex + RIN_z + PMI_z","",0.93518028892407,0.738488800223821
"orbitofrontal_cortex","WGCNA_salmon",-0.196488956809399,0.299502730508087,Inf,-0.783503521876654,0.390525608257857,0.51536975227344,48,48,26,22,FALSE,FALSE,"score_z ~ diagnosis + age_z + sex + RIN_z + PMI_z","",0.899362064300077,0.686355259597427
"orbitofrontal_cortex","WGCNA_cyan",-0.283859073071328,0.274497012814117,Inf,-0.821863332050827,0.254145185908171,0.307004373865431,48,48,26,22,FALSE,FALSE,"score_z ~ diagnosis + age_z + sex + RIN_z + PMI_z","",0.899362064300077,0.602885374650551
"orbitofrontal_cortex","WGCNA_tan",0.206599015600233,0.307834642744817,Inf,-0.396745797373362,0.809943828573829,0.50580817861525,48,48,26,22,FALSE,FALSE,"score_z ~ diagnosis + age_z + sex + RIN_z + PMI_z","",0.899362064300077,0.686355259597427
"orbitofrontal_cortex","WGCNA_lightcyan",0.232391815612096,0.305807201573935,Inf,-0.366979285685797,0.831762916909988,0.451541707995513,48,48,26,22,FALSE,FALSE,"score_z ~ diagnosis + age_z + sex + RIN_z + PMI_z","",0.899362064300077,0.686355259597427
"orbitofrontal_cortex","WGCNA_midnightblue",0.0528626492884463,0.307848961724734,Inf,-0.550510228370082,0.656235526946975,0.864485369662157,48,48,26,22,FALSE,FALSE,"score_z ~ diagnosis + age_z + sex + RIN_z + PMI_z","",0.993399779430368,0.90207169008225
"subiculum","hepatic_inflammatory_module",-0.00654406235213197,0.3452071433704,Inf,-0.683137630564072,0.670049505859808,0.984977336583924,43,43,24,19,FALSE,FALSE,"score_z ~ diagnosis + age_z + sex + RIN_z + PMI_z","",0.993399779430368,0.987383331717417
"subiculum","hepatic_complement_coagulation_module",0.134388299924644,0.31560476457487,Inf,-0.484185671991343,0.752962271840632,0.672711661677711,43,43,24,19,FALSE,FALSE,"score_z ~ diagnosis + age_z + sex + RIN_z + PMI_z","",0.940490090112528,0.987383331717417
"subiculum","hepatic_lipid_dysregulation_module",0.121554405151617,0.307624851403589,Inf,-0.481379224348903,0.724488034652137,0.69500963460117,43,43,24,19,FALSE,FALSE,"score_z ~ diagnosis + age_z + sex + RIN_z + PMI_z","",0.950580452924949,0.987383331717417
"subiculum","hepatic_ECM_fibrosis_module",-0.128195960108269,0.345771299197744,Inf,-0.80589525342347,0.549503333206931,0.712935339693711,43,43,24,19,FALSE,FALSE,"score_z ~ diagnosis + age_z + sex + RIN_z + PMI_z","",0.950580452924949,0.987383331717417
"subiculum","hepatic_mitochondrial_dysfunction_module",-0.0505879549830399,0.291166727726409,Inf,-0.62126425482318,0.520088344857101,0.863015149999652,43,43,24,19,FALSE,FALSE,"score_z ~ diagnosis + age_z + sex + RIN_z + PMI_z","",0.993399779430368,0.987383331717417
"subiculum","hepatic_acute_phase_response_module",0.174611359034691,0.331523991934107,Inf,-0.475163725167106,0.824386443236488,0.601550377359924,43,43,24,19,FALSE,FALSE,"score_z ~ diagnosis + age_z + sex + RIN_z + PMI_z","",0.931432842363753,0.987383331717417
"subiculum","hepatic_endothelial_vascular_activation_module",-0.00545174054710065,0.342434607176672,Inf,-0.6766112376735,0.665707756579298,0.987383331717417,43,43,24,19,FALSE,FALSE,"score_z ~ diagnosis + age_z + sex + RIN_z + PMI_z","",0.993399779430368,0.987383331717417
"subiculum","hepatic_secretome_hepatokine_module",0.0311731202516632,0.309747670224347,Inf,-0.575921157683247,0.638267398186573,0.920379322635008,43,43,24,19,FALSE,FALSE,"score_z ~ diagnosis + age_z + sex + RIN_z + PMI_z","",0.993399779430368,0.987383331717417
"subiculum","WGCNA_turquoise",0.200866948785658,0.30834120169527,Inf,-0.403470701486871,0.805204599058187,0.518786104520431,43,43,24,19,FALSE,FALSE,"score_z ~ diagnosis + age_z + sex + RIN_z + PMI_z","",0.899362064300077,0.987383331717417
"subiculum","WGCNA_red",0.255615610404575,0.323488980382974,Inf,-0.378411140541638,0.889642361350789,0.434456095189742,43,43,24,19,FALSE,FALSE,"score_z ~ diagnosis + age_z + sex + RIN_z + PMI_z","",0.899362064300077,0.987383331717417
"subiculum","WGCNA_brown",0.0462529883986702,0.320444303276428,Inf,-0.58180630507416,0.6743122818715,0.886015203541776,43,43,24,19,FALSE,FALSE,"score_z ~ diagnosis + age_z + sex + RIN_z + PMI_z","",0.993399779430368,0.987383331717417
"subiculum","WGCNA_yellow",-0.268929311457945,0.304728183117174,Inf,-0.866185575441932,0.328326952526042,0.383192533590566,43,43,24,19,FALSE,FALSE,"score_z ~ diagnosis + age_z + sex + RIN_z + PMI_z","",0.899362064300077,0.987383331717417
"subiculum","WGCNA_blue",-0.220068303493933,0.309270703810953,Inf,-0.826227744436755,0.386091137448889,0.481192519213379,43,43,24,19,FALSE,FALSE,"score_z ~ diagnosis + age_z + sex + RIN_z + PMI_z","",0.899362064300077,0.987383331717417
"subiculum","WGCNA_pink",0.0241442110734444,0.299750161326251,Inf,-0.563355309486079,0.611643731632967,0.936235710626807,43,43,24,19,FALSE,FALSE,"score_z ~ diagnosis + age_z + sex + RIN_z + PMI_z","",0.993399779430368,0.987383331717417
"subiculum","WGCNA_black",0.551103451862343,0.316627968034667,Inf,-0.0694759619837045,1.17168286570839,0.0900761594291035,43,43,24,19,FALSE,FALSE,"score_z ~ diagnosis + age_z + sex + RIN_z + PMI_z","",0.899362064300077,0.987383331717417
"subiculum","WGCNA_green",-0.19520631320411,0.282448947115219,Inf,-0.748796077021197,0.358383450612978,0.493803321391146,43,43,24,19,FALSE,FALSE,"score_z ~ diagnosis + age_z + sex + RIN_z + PMI_z","",0.899362064300077,0.987383331717417
"subiculum","WGCNA_purple",0.171621615447642,0.275659672109052,Inf,-0.368661413876221,0.711904644771504,0.537375629084685,43,43,24,19,FALSE,FALSE,"score_z ~ diagnosis + age_z + sex + RIN_z + PMI_z","",0.899362064300077,0.987383331717417
"subiculum","WGCNA_magenta",0.060481795924175,0.307142116350799,Inf,-0.541505690258802,0.662469282107152,0.844969468079746,43,43,24,19,FALSE,FALSE,"score_z ~ diagnosis + age_z + sex + RIN_z + PMI_z","",0.993399779430368,0.987383331717417
"subiculum","WGCNA_greenyellow",0.131611523933234,0.289583323734607,Inf,-0.435961361109998,0.699184408976466,0.652134408516169,43,43,24,19,FALSE,FALSE,"score_z ~ diagnosis + age_z + sex + RIN_z + PMI_z","",0.93518028892407,0.987383331717417
"subiculum","WGCNA_salmon",0.00564833129810064,0.315364379637337,Inf,-0.612454494797896,0.623751157394097,0.985806494390452,43,43,24,19,FALSE,FALSE,"score_z ~ diagnosis + age_z + sex + RIN_z + PMI_z","",0.993399779430368,0.987383331717417
"subiculum","WGCNA_cyan",0.498271391365579,0.33656443739683,Inf,-0.161382784409193,1.15792556714035,0.147215287087059,43,43,24,19,FALSE,FALSE,"score_z ~ diagnosis + age_z + sex + RIN_z + PMI_z","",0.899362064300077,0.987383331717417
"subiculum","WGCNA_tan",-0.188338447935972,0.336748656291434,Inf,-0.848353686109441,0.471676790237496,0.57933722823298,43,43,24,19,FALSE,FALSE,"score_z ~ diagnosis + age_z + sex + RIN_z + PMI_z","",0.916753416104936,0.987383331717417
"subiculum","WGCNA_lightcyan",-0.267555333854869,0.302628449306357,Inf,-0.860696195192533,0.325585527482795,0.382348596354764,43,43,24,19,FALSE,FALSE,"score_z ~ diagnosis + age_z + sex + RIN_z + PMI_z","",0.899362064300077,0.987383331717417
"subiculum","WGCNA_midnightblue",-0.0565381035307917,0.340490658574655,Inf,-0.72388753140944,0.610811324347856,0.869022508446242,43,43,24,19,FALSE,FALSE,"score_z ~ diagnosis + age_z + sex + RIN_z + PMI_z","",0.993399779430368,0.987383331717417
