"module","naive_beta","naive_SE","naive_df","naive_CI_low","naive_CI_high","naive_P","donoraware_beta","donoraware_SE","donoraware_df","donoraware_CI_low","donoraware_CI_high","donoraware_P","cluster_robust_beta","cluster_robust_SE","cluster_robust_df","cluster_robust_P","sample_n","donor_n","random_intercept_variance","residual_variance","singular_fit","naive_formula","donoraware_formula","cluster_robust_formula","mapping","cluster_robust_CI_low","cluster_robust_CI_high","naive_BH_FDR","donoraware_BH_FDR","cluster_robust_BH_FDR","beta_difference_donoraware_minus_naive","SE_ratio_donoraware_over_naive","significance_transition"
"hepatic_inflammatory_module",0.147431645181334,0.127453166393374,Inf,-0.102371970665269,0.397235261027937,0.248495936197323,0.122631410360638,0.185303784542882,84.000463019131,-0.245865457231953,0.49112827795323,0.509919910513168,0.147431645181334,0.186107050128812,47.4336807439696,0.432195619944754,253,84,0.396226275818168,0.282551977054682,FALSE,"score_z ~ diagnosis + region + age_z + sex","score_z ~ diagnosis + region + age_z + sex + (1 | donor_id)","same fixed-effects OLS with donor-clustered CR2 SE","strict one-to-one official symbol; highest-IQR probe",-0.226877108281521,0.521740398644189,0.45876172836429,0.719886932489178,0.694837922591629,-0.0248002348206953,1.45389706498902,"not_FDR<0.05 to not_FDR<0.05"
"hepatic_complement_coagulation_module",-0.0171586158176686,0.130505093882709,Inf,-0.272943899626797,0.23862666799146,0.895504246790352,-0.0154607742986253,0.181377765294497,82.8869280793124,-0.376221132678832,0.345299584081581,0.932275565611004,-0.0171586158176686,0.169208409468476,47.4336807439696,0.919656238251415,253,84,0.332332988825258,0.389741402073777,FALSE,"score_z ~ diagnosis + region + age_z + sex","score_z ~ diagnosis + region + age_z + sex + (1 | donor_id)","same fixed-effects OLS with donor-clustered CR2 SE","strict one-to-one official symbol; highest-IQR probe",-0.357479892092479,0.323162660457142,0.934439214042106,0.957468445693146,0.960782375081732,0.00169784151904326,1.38981368388202,"not_FDR<0.05 to not_FDR<0.05"
"hepatic_lipid_dysregulation_module",-0.263950466434177,0.144847949405109,Inf,-0.547847230502671,0.0199462976343168,0.0696298041583921,-0.34778414165745,0.198732195938848,85.0183837201139,-0.742915755594608,0.047347472279707,0.08372382115432,-0.263950466434177,0.216808564091999,47.4336807439696,0.229460620942604,253,84,0.392889164883478,0.483628892514752,FALSE,"score_z ~ diagnosis + region + age_z + sex","score_z ~ diagnosis + region + age_z + sex + (1 | donor_id)","same fixed-effects OLS with donor-clustered CR2 SE","strict one-to-one official symbol; highest-IQR probe",-0.700007796391199,0.172106863522845,0.251102308731236,0.367011487275547,0.688381862827813,-0.0838336752232735,1.3720055876182,"not_FDR<0.05 to not_FDR<0.05"
"hepatic_ECM_fibrosis_module",0.113867689185368,0.131079242058537,Inf,-0.143042904370173,0.370778282740908,0.385861490294674,0.0925254444316413,0.176043828186959,78.5232169763136,-0.257914115272091,0.442965004135373,0.60065985415456,0.113867689185368,0.164497447960056,47.4336807439696,0.492176861835737,253,84,0.280045221626435,0.453885670408445,FALSE,"score_z ~ diagnosis + region + age_z + sex","score_z ~ diagnosis + region + age_z + sex + (1 | donor_id)","same fixed-effects OLS with donor-clustered CR2 SE","strict one-to-one official symbol; highest-IQR probe",-0.216978641736176,0.444714020106911,0.544745633357186,0.77133064313546,0.694837922591629,-0.0213422447537262,1.34303361403587,"not_FDR<0.05 to not_FDR<0.05"
"hepatic_mitochondrial_dysfunction_module",-0.425059348049424,0.136326818601664,Inf,-0.692255002635611,-0.157863693463237,0.00203787947804908,-0.487757498961012,0.201187366044611,79.8141743028381,-0.888147427636757,-0.0873675702852677,0.0175940039391279,-0.425059348049424,0.190394263443474,47.4336807439696,0.0303381217138694,253,84,0.458381812384708,0.354448306829159,FALSE,"score_z ~ diagnosis + region + age_z + sex","score_z ~ diagnosis + region + age_z + sex + (1 | donor_id)","same fixed-effects OLS with donor-clustered CR2 SE","strict one-to-one official symbol; highest-IQR probe",-0.807990781150313,-0.0421279149485349,0.0163030358243926,0.105564023634767,0.242704973710955,-0.0626981509115884,1.47577247168413,"FDR<0.05 to not_FDR<0.05"
"hepatic_acute_phase_response_module",0.0709214669940825,0.129308112584773,Inf,-0.182517776580923,0.324360710569088,0.583867436857248,0.0322265411510222,0.182597611321713,83.8805538213121,-0.330896388760547,0.395349471062592,0.860334908171781,0.0709214669940825,0.181035007914346,47.4336807439696,0.696993392865169,253,84,0.355327466089639,0.347677991633727,FALSE,"score_z ~ diagnosis + region + age_z + sex","score_z ~ diagnosis + region + age_z + sex + (1 | donor_id)","same fixed-effects OLS with donor-clustered CR2 SE","strict one-to-one official symbol; highest-IQR probe",-0.293186115704453,0.435029049692618,0.737516762345998,0.938547172551034,0.836392071438203,-0.0386949258430603,1.41211257106551,"not_FDR<0.05 to not_FDR<0.05"
"hepatic_endothelial_vascular_activation_module",-0.0191920595143022,0.137765712316856,Inf,-0.289207893959846,0.250823774931242,0.889319639063378,-0.0445849541061255,0.199326679402879,82.2395909764652,-0.441091921581298,0.351922013369047,0.823562726719654,-0.0191920595143022,0.191881685666485,47.4336807439696,0.920749776119993,253,84,0.441027043228913,0.370056650067099,FALSE,"score_z ~ diagnosis + region + age_z + sex","score_z ~ diagnosis + region + age_z + sex + (1 | donor_id)","same fixed-effects OLS with donor-clustered CR2 SE","strict one-to-one official symbol; highest-IQR probe",-0.405115078145041,0.366730959116437,0.934439214042106,0.938547172551034,0.960782375081732,-0.0253928945918233,1.4468526025143,"not_FDR<0.05 to not_FDR<0.05"
"hepatic_secretome_hepatokine_module",0.115308481886002,0.121964686949064,Inf,-0.123737911919865,0.354354875691869,0.345369544342384,0.11217285397541,0.163053978318104,79.8395225163167,-0.212324916861106,0.436670624811925,0.493478684461714,0.115308481886002,0.151866708249046,47.4336807439696,0.451445437176069,253,84,0.237186821500899,0.397547254519211,FALSE,"score_z ~ diagnosis + region + age_z + sex","score_z ~ diagnosis + region + age_z + sex + (1 | donor_id)","same fixed-effects OLS with donor-clustered CR2 SE","strict one-to-one official symbol; highest-IQR probe",-0.190134209392286,0.42075117316429,0.518054316513576,0.719886932489178,0.694837922591629,-0.00313562791059203,1.33689498490822,"not_FDR<0.05 to not_FDR<0.05"
"WGCNA_turquoise",0.0999216142522707,0.143198113099757,Inf,-0.180741530077346,0.380584758581888,0.48597014211665,0.158370542389247,0.207513997997909,77.2147504653278,-0.254824278781445,0.571565363559939,0.447681503209886,0.0999216142522707,0.193240957248347,47.4336807439696,0.607501108002421,253,84,0.458116694852109,0.45106201937295,FALSE,"score_z ~ diagnosis + region + age_z + sex","score_z ~ diagnosis + region + age_z + sex + (1 | donor_id)","same fixed-effects OLS with donor-clustered CR2 SE","strict one-to-one official symbol; highest-IQR probe",-0.288735246277913,0.488578474782454,0.647960189488866,0.716290405135817,0.810001477336561,0.0584489281369764,1.44913919259081,"not_FDR<0.05 to not_FDR<0.05"
"WGCNA_red",0.124227664666278,0.121611647633172,Inf,-0.114126784795314,0.362582114127871,0.308015797733895,0.0892542895642865,0.174634319583917,83.3951085229357,-0.258062012954973,0.436570592083546,0.610636759148906,0.124227664666278,0.172424069709861,47.4336807439696,0.474766801421703,253,84,0.335543800306491,0.291501484828615,FALSE,"score_z ~ diagnosis + region + age_z + sex","score_z ~ diagnosis + region + age_z + sex + (1 | donor_id)","same fixed-effects OLS with donor-clustered CR2 SE","strict one-to-one official symbol; highest-IQR probe",-0.222561124664485,0.471016453997041,0.492825276374232,0.77133064313546,0.694837922591629,-0.0349733751019918,1.43599994723106,"not_FDR<0.05 to not_FDR<0.05"
"WGCNA_brown",-0.192290080670759,0.148216234228525,Inf,-0.48278856168282,0.098208400341302,0.195722060641966,-0.285454235060305,0.211692634660863,73.8570089205349,-0.707274586791977,0.136366116671368,0.18163843923937,-0.192290080670759,0.20965126474635,47.4336807439696,0.363683061468285,253,84,0.458116947193948,0.51697380312531,FALSE,"score_z ~ diagnosis + region + age_z + sex","score_z ~ diagnosis + region + age_z + sex + (1 | donor_id)","same fixed-effects OLS with donor-clustered CR2 SE","strict one-to-one official symbol; highest-IQR probe",-0.613952255826413,0.229372094484896,0.427029950491563,0.484369171304985,0.694837922591629,-0.0931641543895461,1.42826887866054,"not_FDR<0.05 to not_FDR<0.05"
"WGCNA_yellow",-0.376083380736116,0.139567482225725,Inf,-0.64963061931147,-0.102536142160762,0.00753216332039307,-0.475376427284004,0.189477071374994,68.3832242149556,-0.853433673903568,-0.0973191806644393,0.0144861993657929,-0.376083380736116,0.201382915695214,47.4336807439696,0.0680169270214718,253,84,0.32451083359609,0.525539151985308,FALSE,"score_z ~ diagnosis + region + age_z + sex","score_z ~ diagnosis + region + age_z + sex + (1 | donor_id)","same fixed-effects OLS with donor-clustered CR2 SE","strict one-to-one official symbol; highest-IQR probe",-0.781115796705407,0.0289490352331747,0.0451929799223584,0.105564023634767,0.408101562128831,-0.0992930465478877,1.35760184502397,"FDR<0.05 to not_FDR<0.05"
"WGCNA_blue",-0.191076171749182,0.136515968520565,Inf,-0.458642553364094,0.0764902098657285,0.162874421378828,-0.277615138668159,0.192901151310483,78.00383057633,-0.661651533274899,0.106421255938581,0.154106762044117,-0.191076171749182,0.187872320718428,47.4336807439696,0.314287799303374,253,84,0.380759281502977,0.428329310777521,FALSE,"score_z ~ diagnosis + region + age_z + sex","score_z ~ diagnosis + region + age_z + sex + (1 | donor_id)","same fixed-effects OLS with donor-clustered CR2 SE","strict one-to-one official symbol; highest-IQR probe",-0.568935334685867,0.186782991187502,0.390898611309188,0.462320286132351,0.694837922591629,-0.0865389669189764,1.41302994368329,"not_FDR<0.05 to not_FDR<0.05"
"WGCNA_pink",0.00349250077164015,0.151359550446326,Inf,-0.293166766819333,0.300151768362613,0.981609789722059,-0.00885555512673853,0.165461484683714,70.6167250752477,-0.338807418933524,0.321096308680047,0.957468445693146,0.00349250077164015,0.15271355142075,47.4336807439696,0.981850212090298,253,84,0.0842324451835235,0.871931838194133,FALSE,"score_z ~ diagnosis + region + age_z + sex","score_z ~ diagnosis + region + age_z + sex + (1 | donor_id)","same fixed-effects OLS with donor-clustered CR2 SE","strict one-to-one official symbol; highest-IQR probe",-0.303653408153477,0.310638409696758,0.981609789722059,0.957468445693146,0.981850212090298,-0.0123480558983787,1.09316844689221,"not_FDR<0.05 to not_FDR<0.05"
"WGCNA_black",0.183847925841046,0.130912375382588,Inf,-0.0727356150394135,0.440431466721506,0.161473378860725,0.189808596344003,0.17627961160394,81.0676010918298,-0.160928102261062,0.540545294949068,0.284787037296778,0.183847925841046,0.182387554289896,47.4336807439696,0.318565704422234,253,84,0.289364735935709,0.432319049354759,FALSE,"score_z ~ diagnosis + region + age_z + sex","score_z ~ diagnosis + region + age_z + sex + (1 | donor_id)","same fixed-effects OLS with donor-clustered CR2 SE","strict one-to-one official symbol; highest-IQR probe",-0.18297997265145,0.550675824333542,0.390898611309188,0.569574074593556,0.694837922591629,0.00596067050295682,1.34654658193137,"not_FDR<0.05 to not_FDR<0.05"
"WGCNA_green",-0.476247814018409,0.142239738854382,Inf,-0.755032579343381,-0.197463048693438,0.000940914369024422,-0.564116713783556,0.187929052380717,77.1114719608762,-0.938322632500269,-0.189910795066844,0.0036160028003922,-0.476247814018409,0.184758121102303,47.4336807439696,0.0131119434939937,253,84,0.303900150798721,0.558185186625616,FALSE,"score_z ~ diagnosis + region + age_z + sex","score_z ~ diagnosis + region + age_z + sex + (1 | donor_id)","same fixed-effects OLS with donor-clustered CR2 SE","strict one-to-one official symbol; highest-IQR probe",-0.847843527099007,-0.104652100937812,0.0155588991217334,0.0543483535329741,0.157343321927924,-0.0878688997651469,1.32121342385977,"FDR<0.05 to not_FDR<0.05"
"WGCNA_purple",0.13206199393764,0.120185315010742,Inf,-0.103496894954015,0.367620882829295,0.272920954125609,0.16514581500278,0.13808454511001,58.5928655608219,-0.111200898455145,0.441492528460704,0.236523452568579,0.13206199393764,0.142356629499043,47.4336807439696,0.358268031289196,253,84,0.0871173417051937,0.52092441740142,FALSE,"score_z ~ diagnosis + region + age_z + sex","score_z ~ diagnosis + region + age_z + sex + (1 | donor_id)","same fixed-effects OLS with donor-clustered CR2 SE","strict one-to-one official symbol; highest-IQR probe",-0.154253502966316,0.418377490841595,0.467864492786759,0.516051169240537,0.694837922591629,0.0330838210651401,1.14893025905593,"not_FDR<0.05 to not_FDR<0.05"
"WGCNA_magenta",0.0370434460680922,0.131083095692281,Inf,-0.219874700470796,0.29396159260698,0.777724833940854,0.0529797279818524,0.151487097912948,77.7680178094451,-0.24862208771996,0.354581543683665,0.72748595475379,0.0370434460680922,0.155699211811049,47.4336807439696,0.812970429999325,253,84,0.111495989170583,0.607142360648978,FALSE,"score_z ~ diagnosis + region + age_z + sex","score_z ~ diagnosis + region + age_z + sex + (1 | donor_id)","same fixed-effects OLS with donor-clustered CR2 SE","strict one-to-one official symbol; highest-IQR probe",-0.276107387539797,0.350194279675982,0.88882838164669,0.872983145704548,0.929109062856372,0.0159362819137602,1.15565700606099,"not_FDR<0.05 to not_FDR<0.05"
"WGCNA_greenyellow",-0.268671939558453,0.124717756184116,Inf,-0.513114249911968,-0.0242296292049369,0.0321928526378089,-0.262733400900246,0.15409588266779,87.248846925701,-0.569003336789666,0.043536534989175,0.0917528718188867,-0.268671939558453,0.154338989960829,47.4336807439696,0.0882039895500067,253,84,0.166477043581598,0.479999151972625,FALSE,"score_z ~ diagnosis + region + age_z + sex","score_z ~ diagnosis + region + age_z + sex + (1 | donor_id)","same fixed-effects OLS with donor-clustered CR2 SE","strict one-to-one official symbol; highest-IQR probe",-0.579087020034818,0.0417431409179128,0.154525692661483,0.367011487275547,0.417612163286854,0.00593853865820693,1.23555688766805,"not_FDR<0.05 to not_FDR<0.05"
"WGCNA_salmon",0.263707363254353,0.146734214013148,Inf,-0.0238864115112106,0.551301138019916,0.0735339862868668,0.271501923746866,0.169891140506247,83.0195500742599,-0.0664035449367893,0.609407392430521,0.113821544404474,0.263707363254353,0.159281117616518,47.4336807439696,0.104403040821713,253,84,0.143194461891705,0.754834414054633,FALSE,"score_z ~ diagnosis + region + age_z + sex","score_z ~ diagnosis + region + age_z + sex + (1 | donor_id)","same fixed-effects OLS with donor-clustered CR2 SE","strict one-to-one official symbol; highest-IQR probe",-0.0566475966676053,0.58406232317631,0.251102308731236,0.390245295101055,0.417612163286854,0.00779456049251337,1.15781545325907,"not_FDR<0.05 to not_FDR<0.05"
"WGCNA_cyan",0.421646047568286,0.129568815353494,Inf,0.167695835955916,0.675596259180655,0.00129657492681112,0.457316851727937,0.155750177638625,68.0419795362607,0.146525683143718,0.768108020312155,0.00452902946108117,0.421646047568286,0.161375234537679,47.4336807439696,0.0119919867086144,253,84,0.1435858263736,0.566227458272941,FALSE,"score_z ~ diagnosis + region + age_z + sex","score_z ~ diagnosis + region + age_z + sex + (1 | donor_id)","same fixed-effects OLS with donor-clustered CR2 SE","strict one-to-one official symbol; highest-IQR probe",0.0970792843115131,0.746212810825059,0.0155588991217334,0.0543483535329741,0.157343321927924,0.0356708041596509,1.20206530571188,"FDR<0.05 to not_FDR<0.05"
"WGCNA_tan",0.0578386707280937,0.125497955255779,Inf,-0.188132801706651,0.303810143162839,0.64529660872048,0.125099578482212,0.153895120403259,70.2742262126877,-0.181813505092046,0.43201266205647,0.419027429650961,0.0578386707280937,0.146721332516881,47.4336807439696,0.695194506013174,253,84,0.154042377430864,0.512881183078341,FALSE,"score_z ~ diagnosis + region + age_z + sex","score_z ~ diagnosis + region + age_z + sex + (1 | donor_id)","same fixed-effects OLS with donor-clustered CR2 SE","strict one-to-one official symbol; highest-IQR probe",-0.237255357374501,0.352932698830689,0.774355930464575,0.716290405135817,0.836392071438203,0.0672609077541184,1.22627591891521,"not_FDR<0.05 to not_FDR<0.05"
"WGCNA_lightcyan",0.17008896138177,0.146176077355296,Inf,-0.116410885635951,0.45658880839949,0.245717731376917,0.178978729071901,0.202109778702591,80.1056081808713,-0.223224408450315,0.581181866594116,0.378509557132373,0.17008896138177,0.204566459826146,47.4336807439696,0.409879616836791,253,84,0.401072501300065,0.513946365817357,FALSE,"score_z ~ diagnosis + region + age_z + sex","score_z ~ diagnosis + region + age_z + sex + (1 | donor_id)","same fixed-effects OLS with donor-clustered CR2 SE","strict one-to-one official symbol; highest-IQR probe",-0.241346373952577,0.581524296716116,0.45876172836429,0.698786874705919,0.694837922591629,0.00888976769013122,1.38264606876365,"not_FDR<0.05 to not_FDR<0.05"
"WGCNA_midnightblue",0.235940769564224,0.135859699584157,Inf,-0.030339348571154,0.502220887699603,0.0837007695770788,0.216864668262647,0.176785086425657,72.443179080568,-0.135513130683797,0.569242467209091,0.22390234062139,0.235940769564224,0.180903141473257,47.4336807439696,0.198445876754166,253,84,0.250584797838892,0.543984513663683,FALSE,"score_z ~ diagnosis + region + age_z + sex","score_z ~ diagnosis + region + age_z + sex + (1 | donor_id)","same fixed-effects OLS with donor-clustered CR2 SE","strict one-to-one official symbol; highest-IQR probe",-0.127901596082332,0.59978313521078,0.251102308731236,0.516051169240537,0.680385863157141,-0.0190761013015776,1.30123271998073,"not_FDR<0.05 to not_FDR<0.05"
